date,portfolio_value,benchmark_value,position,signal,prediction,actual,cash,position_size,pnl,cumulative_return,benchmark_return,price,consecutive_losses
2022-06-13,100000.0,100000.0,0,0,0.002832658107159567,-0.0012708120965000402,100000.0,0.0,0.0,0.0,0.0,2943.0,
2022-06-14,100000.0,99796.81,0,0,0.0004727550236412507,0.002965590973163179,100000.0,0.0,0.0,0.0,-0.0020319401970777837,2937.02,0.0
2022-06-15,100000.0,99926.95,0,0,-0.0006330832912966253,0.0014145570158288212,100000.0,0.0,0.0,0.0,-0.0007305470608222822,2940.85,0.0
2022-06-16,100000.0,100057.76,0,0,0.0001327094791306753,-0.0007708764899649889,100000.0,0.0,0.0,0.0,0.0005776418620455661,2944.7,0.0
2022-06-17,100000.0,100043.15,0,0,0.0002620423072309675,0.005250877127437326,100000.0,0.0,0.0,0.0,0.00043153244988105145,2944.27,0.0
2022-06-20,100000.0,99872.92,0,0,0.0002677916350431934,0.013629280839394964,100000.0,0.0,0.0,0.0,-0.0012708120965000125,2939.26,0.0
2022-06-21,100000.0,100092.76,0,0,0.0006541730522927705,0.011559104194885483,100000.0,0.0,0.0,0.0,0.0009276248725790356,2945.73,0.0
2022-06-22,100000.0,100068.3,0,0,-0.0008165859637914836,0.013130685464565417,100000.0,0.0,0.0,0.0,0.0006829765545362898,2945.01,0.0
2022-06-23,100000.0,99980.63,0,0,-0.0004380983772586,0.01424672804450755,100000.0,0.0,0.0,0.0,-0.00019367991845065262,2942.43,0.0
2022-06-24,100000.0,100568.47,0,0,-0.0005164945944360327,0.009406263409162285,100000.0,0.0,0.0,0.0,0.00568467550118934,2959.73,0.0
2022-06-27,100000.0,101234.11,0,0,-0.0005043547262624045,0.004279500020138771,100000.0,0.0,0.0,0.0,0.012341148487937608,2979.32,0.0
2022-06-28,100000.0,101249.75,0,0,-0.0008325299953934093,0.0003657988173622062,100000.0,0.0,0.0,0.0,0.012497451580020424,2979.78,0.0
2022-06-29,100000.0,101382.26,0,0,-0.00115519131673552,-2.3460960960841604e-05,100000.0,0.0,0.0,0.0,0.013822629969418921,2983.68,0.0
2022-06-30,100000.0,101405.03,0,0,-0.0005305619631016335,0.004446529395010668,100000.0,0.0,0.0,0.0,0.014050288820931019,2984.35,0.0
2022-07-01,100000.0,101514.44,0,0,-0.00011345905300165347,0.0064567524777661145,100000.0,0.0,0.0,0.0,0.015144410465511465,2987.57,0.0
2022-07-05,100000.0,101667.35,0,0,5.442131731351555e-05,0.005895583993689835,100000.0,0.0,0.0,0.0,0.016673462453279064,2992.07,0.0
2022-07-06,100000.0,101286.78,0,0,0.000349807764203969,0.009027565777776303,100000.0,0.0,0.0,0.0,0.01286782195039079,2980.87,0.0
2022-07-07,100000.0,101379.88,0,0,-5.448197963022741e-05,0.010795646884143695,100000.0,0.0,0.0,0.0,0.013798844716275925,2983.61,0.0
2022-07-08,100000.0,101855.93,0,0,-0.0008551717451445232,0.00995456395407035,100000.0,0.0,0.0,0.0,0.01855929323819233,2997.62,0.0
2022-07-11,100000.0,102169.89,0,0,0.0006451587034869706,0.006594919617142203,100000.0,0.0,0.0,0.0,0.021698946653075108,3006.86,0.0
2022-07-12,100000.0,102266.73,0,0,-0.0019042850546487698,0.006469061803296539,100000.0,0.0,0.0,0.0,0.022667346245327936,3009.71,0.0
2022-07-13,100000.0,102201.16,0,0,-0.0006258214908906842,0.007091609093750284,100000.0,0.0,0.0,0.0,0.022011552837241034,3007.78,0.0
2022-07-14,100000.0,102474.35,0,0,0.00021794629143193339,0.005882313931202754,100000.0,0.0,0.0,0.0,0.024743459055385757,3015.82,0.0
2022-07-15,100000.0,102869.86,0,0,0.002842850213493128,0.004915011263567415,100000.0,0.0,0.0,0.0,0.028698606863744498,3027.46,0.0
2022-07-18,100000.0,102843.7,0,0,0.003241757843056852,0.004126620169227602,100000.0,0.0,0.0,0.0,0.028436969079170957,3026.69,0.0
2022-07-19,100000.0,102928.3,0,0,0.0021038816999096963,0.0030074145478313774,100000.0,0.0,0.0,0.0,0.029283044512402268,3029.18,0.0
2022-07-20,100000.0,102925.93,0,0,-5.918139027295919e-05,0.003337614018638968,100000.0,0.0,0.0,0.0,0.02925925925925927,3029.11,0.0
2022-07-21,100000.0,103077.13,0,0,-0.0005041493599183824,0.0037282928308652874,100000.0,0.0,0.0,0.0,0.030771321780496075,3033.56,0.0
2022-07-22,100000.0,103375.47,0,0,0.000700929247248037,0.008023429333999355,100000.0,0.0,0.0,0.0,0.03375467210329603,3042.34,0.0
2022-07-25,100000.0,103268.09,0,0,-0.000407667502015117,0.01306273402694158,100000.0,0.0,0.0,0.0,0.03268093781855248,3039.18,0.0
2022-07-26,100000.0,103237.85,0,0,0.00020286519678107656,0.015212504402147387,100000.0,0.0,0.0,0.0,0.03237852531430515,3038.29,0.0
2022-07-27,100000.0,103269.45,0,0,0.0009525898895861088,0.015323010509275425,100000.0,0.0,0.0,0.0,0.032694529391777034,3039.22,0.0
2022-07-28,100000.0,103461.43,0,0,0.00044024461929322717,0.0140301556388287,100000.0,0.0,0.0,0.0,0.03461433910975189,3044.87,0.0
2022-07-29,100000.0,104204.89,0,0,0.0008328418296558496,0.006691122523844406,100000.0,0.0,0.0,0.0,0.04204892966360858,3066.75,0.0
2022-08-01,100000.0,104617.06,0,0,0.002221147495424559,0.0018058514784595747,100000.0,0.0,0.0,0.0,0.04617057424396888,3078.88,0.0
2022-08-02,100000.0,104808.36,0,0,0.00213279731880106,-0.0011444281263475187,100000.0,0.0,0.0,0.0,0.048083588175331385,3084.51,0.0
2022-08-03,100000.0,104851.85,0,0,0.0023261864009128646,-0.001659218546952279,100000.0,0.0,0.0,0.0,0.04851851851851854,3085.79,0.0
2022-08-04,100000.0,104913.01,0,0,0.001579823476956696,0.0007611114169951971,100000.0,0.0,0.0,0.0,0.0491301393136257,3087.59,0.0
2022-08-05,100000.0,104902.14,0,0,0.0016798325031551122,0.005733220612385681,100000.0,0.0,0.0,0.0,0.049021406727828724,3087.27,0.0
2022-08-08,100000.0,104805.98,0,0,0.0026781762432160766,0.0038483484846518756,100000.0,0.0,0.0,0.0,0.04805980292218825,3084.44,0.0
2022-08-09,100000.0,104688.41,0,0,0.0021734092748890025,0.0023726216982908888,100000.0,0.0,0.0,0.0,0.046884131838260366,3080.98,0.0
2022-08-10,100000.0,104677.88,0,0,0.0029013521330813414,0.0031129591939416112,100000.0,0.0,0.0,0.0,0.04677879714576964,3080.67,0.0
2022-08-11,100000.0,104992.86,0,0,0.002329627841311856,-0.00040130229065948875,100000.0,0.0,0.0,0.0,0.04992864424057086,3089.94,0.0
2022-08-12,100000.0,105503.57,0,0,0.0010820995300939594,-0.007233564253438685,100000.0,0.0,0.0,0.0,0.055035677879714494,3104.97,0.0
2022-08-15,100000.0,105209.31,0,0,0.003715728162323068,-0.005671266765924554,100000.0,0.0,0.0,0.0,0.05209310227658847,3096.31,0.0
2022-08-16,100000.0,104936.8,0,0,0.005472872781637631,-0.004970388143600513,100000.0,0.0,0.0,0.0,0.049367991845056095,3088.29,0.0
2022-08-17,100000.0,105003.74,0,0,0.0036784291503478895,-0.005316704743290268,100000.0,0.0,0.0,0.0,0.05003737682636769,3090.26,0.0
2022-08-18,100000.0,104950.73,0,0,0.0030621406579461738,-0.0038980800984232955,100000.0,0.0,0.0,0.0,0.04950730547060826,3088.7,0.0
2022-08-19,100000.0,104740.4,0,0,0.004672643902049111,-0.0013560377744111785,100000.0,0.0,0.0,0.0,0.04740400951410134,3082.51,0.0
2022-08-22,100000.0,104612.64,0,0,0.0020909694725170964,0.0007470564352416442,100000.0,0.0,0.0,0.0,0.04612640163098884,3078.75,0.0
2022-08-23,100000.0,104415.22,0,0,0.0015443616616177824,0.0030947561618515085,100000.0,0.0,0.0,0.0,0.04415222562011564,3072.94,0.0
2022-08-24,100000.0,104445.46,0,0,0.0012443522371607565,0.0061421744208365325,100000.0,0.0,0.0,0.0,0.044454638124362976,3073.83,0.0
2022-08-25,100000.0,104541.62,0,0,0.0008382542177369828,0.007901425571886334,100000.0,0.0,0.0,0.0,0.04541624193000345,3076.66,0.0
2022-08-26,100000.0,104598.37,0,0,0.0022483239842720605,0.009774780481624834,100000.0,0.0,0.0,0.0,0.045983690112130424,3078.33,0.0
2022-08-29,100000.0,104690.79,0,0,-0.0002571362793897421,0.012693724541958051,100000.0,0.0,0.0,0.0,0.04690791709140336,3081.05,0.0
2022-08-30,100000.0,104738.36,0,0,0.0008585889217854134,0.010248341416730256,100000.0,0.0,0.0,0.0,0.0473836221542643,3082.45,0.0
2022-08-31,100000.0,105086.99,0,0,-0.0009043086419964353,0.007410976134199387,100000.0,0.0,0.0,0.0,0.05086986068637445,3092.71,0.0
2022-09-01,100000.0,105367.65,0,0,0.0013963533315189559,0.004308329329209881,100000.0,0.0,0.0,0.0,0.05367652055725441,3100.97,0.0
2022-09-02,100000.0,105620.8,0,0,0.000590929689687485,0.004680834636245912,100000.0,0.0,0.0,0.0,0.05620795107033642,3108.42,0.0
2022-09-05,100000.0,106019.71,0,0,-3.626368368421723e-05,0.0001281985539203223,100000.0,0.0,0.0,0.0,0.060197077811756754,3120.16,0.0
2022-09-06,100000.0,105811.76,0,0,-0.0021233009387374288,-0.0030442768879012094,100000.0,0.0,0.0,0.0,0.05811756710839283,3114.04,0.0
2022-09-07,100000.0,105865.78,0,0,-0.00027385683923561335,-0.001434701809906902,100000.0,0.0,0.0,0.0,0.05865783214407071,3115.63,0.0
2022-09-08,100000.0,105821.61,0,0,-0.00179202525353202,0.001425667800136754,100000.0,0.0,0.0,0.0,0.058216106014271206,3114.33,0.0
2022-09-09,100000.0,106115.19,0,0,-0.0028999510717700964,0.0012712257882721012,100000.0,0.0,0.0,0.0,0.06115188583078489,3122.97,0.0
2022-09-12,100000.0,106033.3,0,0,-0.002511368168802081,-0.001214525597969529,100000.0,0.0,0.0,0.0,0.06033299354400268,3120.56,0.0
2022-09-13,100000.0,105489.64,0,0,-0.0015273125556448444,0.004532043188084645,100000.0,0.0,0.0,0.0,0.05489636425416247,3104.56,0.0
2022-09-14,100000.0,105713.9,0,0,-0.004069835757555789,0.0002732099924145359,100000.0,0.0,0.0,0.0,0.05713897383622156,3111.16,0.0
2022-09-15,100000.0,105972.48,0,0,-0.005840248195871182,0.0035590954126145657,100000.0,0.0,0.0,0.0,0.05972477064220191,3118.77,0.0
2022-09-16,100000.0,106250.08,0,0,-0.004281356256504658,-0.0004253359514413413,100000.0,0.0,0.0,0.0,0.06250084947332653,3126.94,0.0
2022-09-19,100000.0,105904.52,0,0,-0.0027751712701712863,-0.0014020925509421467,100000.0,0.0,0.0,0.0,0.05904519198097187,3116.77,0.0
2022-09-20,100000.0,105967.72,0,0,-0.0033270000965059123,-0.0023183256750560766,100000.0,0.0,0.0,0.0,0.05967720013591577,3118.63,0.0
2022-09-21,100000.0,105742.78,0,0,-0.0019606776865754025,-0.0036118135867173606,100000.0,0.0,0.0,0.0,0.05742779476724449,3112.01,0.0
2022-09-22,100000.0,106349.64,0,0,6.798753939546323e-05,-0.007482738899698749,100000.0,0.0,0.0,0.0,0.0634964322120286,3129.87,0.0
2022-09-23,100000.0,106204.89,0,0,-0.003964541680178442,-0.0038584468311785303,100000.0,0.0,0.0,0.0,0.06204892966360858,3125.61,0.0
2022-09-26,100000.0,105756.03,0,0,-0.005123548960044257,-0.0019245598252153329,100000.0,0.0,0.0,0.0,0.05756031260618416,3112.4,0.0
2022-09-27,100000.0,105722.05,0,0,-0.002996552202817603,0.003017934048981097,100000.0,0.0,0.0,0.0,0.05722052327556914,3111.4,0.0
2022-09-28,100000.0,105360.86,0,0,-0.002052336502436032,0.004192507022449332,100000.0,0.0,0.0,0.0,0.05360856269113152,3100.77,0.0
2022-09-29,100000.0,105553.86,0,0,0.0004459993766406671,0.0002156802781310141,100000.0,0.0,0.0,0.0,0.05553856608902483,3106.45,0.0
2022-09-30,100000.0,105795.11,0,0,-0.0035439660510079296,0.0012236835766248344,100000.0,0.0,0.0,0.0,0.05795107033639157,3113.55,0.0
2022-10-03,100000.0,105552.5,0,0,0.003905625131378259,0.006068097900792324,100000.0,0.0,0.0,0.0,0.05552497451580013,3106.41,0.0
2022-10-04,100000.0,106041.11,0,0,-0.0004426985376678188,-0.0013682432973701752,100000.0,0.0,0.0,0.0,0.06041114509004416,3120.79,0.0
2022-10-05,100000.0,105802.58,0,0,0.0010274995039218117,0.004232811029716288,100000.0,0.0,0.0,0.0,0.058025823989126805,3113.77,0.0
2022-10-06,100000.0,105576.62,0,0,0.0021014400850780926,0.006504415664666974,100000.0,0.0,0.0,0.0,0.05576622494053692,3107.12,0.0
2022-10-07,100000.0,105924.57,0,0,0.0018279035515786583,0.007721276977955549,100000.0,0.0,0.0,0.0,0.059245667686034724,3117.36,0.0
2022-10-10,100000.0,106193.0,0,0,-6.440267307241694e-05,0.005945105367233472,100000.0,0.0,0.0,0.0,0.06193000339789345,3125.26,0.0
2022-10-11,100000.0,105896.02,0,0,-0.000890823131682742,0.009882818014965489,100000.0,0.0,0.0,0.0,0.05896024464831804,3116.52,0.0
2022-10-12,100000.0,106250.42,0,0,-0.0018452159996670305,0.006085802459265377,100000.0,0.0,0.0,0.0,0.06250424736663263,3126.95,0.0
2022-10-13,100000.0,106263.34,0,0,0.0008958408219412785,0.004179283925904942,100000.0,0.0,0.0,0.0,0.06263336731226635,3127.33,0.0
2022-10-14,100000.0,106742.44,0,0,-0.0021014987187917638,-0.0014611180258671252,100000.0,0.0,0.0,0.0,0.0674243968739381,3141.43,0.0
2022-10-17,100000.0,106824.33,0,0,-0.0036592907077700187,0.0013868390248865659,100000.0,0.0,0.0,0.0,0.06824328916072045,3143.84,0.0
2022-10-18,100000.0,106942.58,0,0,-0.002372187063033671,-0.0030406822312316617,100000.0,0.0,0.0,0.0,0.06942575603126068,3147.32,0.0
2022-10-19,100000.0,106897.04,0,0,-0.0022413034541717593,0.0018436226549438661,100000.0,0.0,0.0,0.0,0.06897043832823649,3145.98,0.0
2022-10-20,100000.0,106707.44,0,0,-0.003990330037631653,0.006613807158323715,100000.0,0.0,0.0,0.0,0.06707441386340476,3140.4,0.0
2022-10-21,100000.0,106586.48,0,0,-0.002111144825089156,0.004832889149589903,100000.0,0.0,0.0,0.0,0.0658647638464153,3136.84,0.0
2022-10-24,100000.0,106972.48,0,0,-0.0035052699723197604,0.0002604662982021999,100000.0,0.0,0.0,0.0,0.06972477064220177,3148.2,0.0
2022-10-25,100000.0,106617.4,0,0,-0.0035016400066138547,0.001293920803123294,100000.0,0.0,0.0,0.0,0.06617397213727498,3137.75,0.0
2022-10-26,100000.0,107094.12,0,0,-0.004044318161782002,-0.006415422396233272,100000.0,0.0,0.0,0.0,0.07094121644580373,3151.78,0.0
2022-10-27,100000.0,107413.18,0,0,-0.002332511594565513,-0.006374222202538915,100000.0,0.0,0.0,0.0,0.07413183826027875,3161.17,0.0
2022-10-28,100000.0,107101.6,0,0,-0.0031256856105921485,-0.004993654822334936,100000.0,0.0,0.0,0.0,0.07101597009853897,3152.0,0.0
2022-10-31,100000.0,107000.34,0,0,-0.0038888423946448836,-0.006059027888041357,100000.0,0.0,0.0,0.0,0.07000339789330624,3149.02,0.0
2022-11-01,100000.0,106755.35,0,0,-0.0012394276959815974,-0.0022407465760182488,100000.0,0.0,0.0,0.0,0.06755351681957182,3141.81,0.0
2022-11-02,100000.0,106407.07,0,0,0.0005204268731687329,0.001711606994597048,100000.0,0.0,0.0,0.0,0.06407067618076791,3131.56,0.0
2022-11-03,100000.0,106728.51,0,0,0.0016492540127239518,0.0016841662899311771,100000.0,0.0,0.0,0.0,0.06728508324838607,3141.02,0.0
2022-11-04,100000.0,106566.77,0,0,0.0003239637133637843,0.008532455855063015,100000.0,0.0,0.0,0.0,0.0656676860346587,3136.26,0.0
2022-11-07,100000.0,106352.02,0,0,0.003646393970635949,0.016236732972517043,100000.0,0.0,0.0,0.0,0.06352021746517159,3129.94,0.0
2022-11-08,100000.0,106516.14,0,0,0.0021688943490960327,0.012603795493768333,100000.0,0.0,0.0,0.0,0.06516139993204212,3134.77,0.0
2022-11-09,100000.0,106589.19,0,0,0.0030358404195972464,0.012129732348928224,100000.0,0.0,0.0,0.0,0.06589194699286455,3136.92,0.0
2022-11-10,100000.0,106908.26,0,0,0.0001383018413208375,0.008870708862127374,100000.0,0.0,0.0,0.0,0.06908256880733941,3146.31,0.0
2022-11-11,100000.0,107476.04,0,0,-0.0025233954951849095,0.004941479977995655,100000.0,0.0,0.0,0.0,0.0747604485219164,3163.02,0.0
2022-11-14,100000.0,108078.83,0,0,0.0008504347986957247,-0.00026408782806630615,100000.0,0.0,0.0,0.0,0.08078831124702701,3180.76,0.0
2022-11-15,100000.0,107858.65,0,0,-0.0036208472503869746,0.0014869513716495586,100000.0,0.0,0.0,0.0,0.07858647638464157,3174.28,0.0
2022-11-16,100000.0,107882.09,0,0,-0.00476227953725878,0.0023527781364864886,100000.0,0.0,0.0,0.0,0.07882093102276587,3174.97,0.0
2022-11-17,100000.0,107856.61,0,0,-0.003155295312650198,0.0032354405176704404,100000.0,0.0,0.0,0.0,0.07856608902480454,3174.22,0.0
2022-11-18,100000.0,108007.14,0,0,-0.00164939469438606,0.004552247023107192,100000.0,0.0,0.0,0.0,0.08007135575942928,3178.65,0.0
2022-11-21,100000.0,108050.29,0,0,-0.0019184597367156143,0.004839744396085477,100000.0,0.0,0.0,0.0,0.08050288820931033,3179.92,0.0
2022-11-22,100000.0,108019.03,0,0,-0.0015486420165745445,0.0031896822900283617,100000.0,0.0,0.0,0.0,0.0801902820251444,3179.0,0.0
2022-11-23,100000.0,108135.92,0,0,-0.0005851193254637263,0.005137567401113596,100000.0,0.0,0.0,0.0,0.08135915732246009,3182.44,0.0
2022-11-24,100000.0,108205.57,0,0,-0.002476863778854929,0.008051524733944992,100000.0,0.0,0.0,0.0,0.08205572545022077,3184.49,0.0
2022-11-25,100000.0,108498.81,0,0,-0.003143444595858647,-0.001424938618028726,100000.0,0.0,0.0,0.0,0.0849881073734285,3193.12,0.0
2022-11-28,100000.0,108573.22,0,0,-0.0003867990410529724,-0.006540836413368334,100000.0,0.0,0.0,0.0,0.08573224600747534,3195.31,0.0
2022-11-29,100000.0,108363.57,0,0,-0.00165579982214913,-0.006446879095931779,100000.0,0.0,0.0,0.0,0.08363574583758077,3189.14,0.0
2022-11-30,100000.0,108691.47,0,0,-0.0006288674289429736,-0.011779454106083831,100000.0,0.0,0.0,0.0,0.0869147128780157,3198.79,0.0
2022-12-01,100000.0,109076.79,0,0,-0.001625999639387253,-0.008563516119284964,100000.0,0.0,0.0,0.0,0.09076792388718997,3210.13,0.0
2022-12-02,100000.0,108344.21,0,0,0.0014351165697545061,0.007608426347861297,100000.0,0.0,0.0,0.0,0.08344206591913025,3188.57,0.0
2022-12-05,100000.0,107863.06,0,0,-0.0006398930111454562,0.020737711889768473,100000.0,0.0,0.0,0.0,0.07863064899762147,3174.41,0.0
2022-12-06,100000.0,107664.97,0,0,-0.0011499497428459847,0.024591457372072023,100000.0,0.0,0.0,0.0,0.07664967720013592,3168.58,0.0
2022-12-07,100000.0,107411.15,0,0,-0.0020851987692266077,0.023729006583130596,100000.0,0.0,0.0,0.0,0.07411145090044186,3161.11,0.0
2022-12-08,100000.0,108142.71,0,0,0.0017145289012280478,0.024687052258502318,100000.0,0.0,0.0,0.0,0.08142711518858312,3182.64,0.0
2022-12-09,100000.0,109168.54,0,0,-0.0010489591535540214,0.018161558501383457,100000.0,0.0,0.0,0.0,0.09168535507985057,3212.83,0.0
2022-12-12,100000.0,110099.9,0,0,-0.0015770057260456197,0.010832530923635453,100000.0,0.0,0.0,0.0,0.10099898063200817,3240.24,0.0
2022-12-13,100000.0,110312.61,0,0,-0.0022254410847551693,0.006690281841983614,100000.0,0.0,0.0,0.0,0.10312606184165823,3246.5,0.0
2022-12-14,100000.0,109959.9,0,0,0.0019403648495069238,0.011056450317046496,100000.0,0.0,0.0,0.0,0.0995990485898743,3236.12,0.0
2022-12-15,100000.0,110812.44,0,0,-0.0011230414457408667,0.0035937581449829725,100000.0,0.0,0.0,0.0,0.10812436289500518,3261.21,0.0
2022-12-16,100000.0,111151.21,0,0,-0.0010822641300369182,0.0006725401842762047,100000.0,0.0,0.0,0.0,0.1115120625212368,3271.18,0.0
2022-12-19,100000.0,111292.56,0,0,0.00022158311204902915,0.0016395244463169867,100000.0,0.0,0.0,0.0,0.11292558613659537,3275.34,0.0
2022-12-20,100000.0,111050.63,0,0,-0.00041177299676971345,0.004262258966654775,100000.0,0.0,0.0,0.0,0.11050628610261629,3268.22,0.0
2022-12-21,100000.0,111175.67,0,0,0.0008563788670112232,0.003209144533757202,100000.0,0.0,0.0,0.0,0.1117567108392797,3271.9,0.0
2022-12-22,100000.0,111210.67,0,0,0.0003245454837654577,0.0025940059824072215,100000.0,0.0,0.0,0.0,0.11210669384981316,3272.93,0.0
2022-12-23,100000.0,111225.96,0,0,0.0015185338751357213,0.0025050559360659808,100000.0,0.0,0.0,0.0,0.11225959904858988,3273.38,0.0
2022-12-26,100000.0,111475.03,0,0,0.00047069004866392256,0.0027981747853360606,100000.0,0.0,0.0,0.0,0.11475025484199795,3280.71,0.0
2022-12-27,100000.0,111523.96,0,0,8.157244394591857e-05,0.0022637600353425658,100000.0,0.0,0.0,0.0,0.1152395514780836,3282.15,0.0
2022-12-28,100000.0,111532.45,0,0,0.0004977150277107028,0.0011272239824517971,100000.0,0.0,0.0,0.0,0.11532449881073742,3282.4,0.0
2022-12-29,100000.0,111499.15,0,0,0.002582632662730077,0.001630391720657487,100000.0,0.0,0.0,0.0,0.11499150526673475,3281.42,0.0
2022-12-30,100000.0,111504.59,0,0,0.0009747757521354017,0.005363270132070497,100000.0,0.0,0.0,0.0,0.11504587155963308,3281.58,0.0
2023-01-02,100000.0,111786.95,0,0,0.0017171711396147412,0.0024955241664614825,100000.0,0.0,0.0,0.0,0.11786952089704383,3289.89,0.0
2023-01-03,100000.0,111776.42,0,0,0.0022656456206913327,0.003292213595656568,100000.0,0.0,0.0,0.0,0.11776418620455312,3289.58,0.0
2023-01-04,100000.0,111658.17,0,0,0.0014844347325854278,0.001968899303125271,100000.0,0.0,0.0,0.0,0.11658171933401289,3286.1,0.0
2023-01-05,100000.0,111680.94,0,0,0.002084382036626224,-0.0012504677844814571,100000.0,0.0,0.0,0.0,0.11680937818552499,3286.77,0.0
2023-01-06,100000.0,112102.62,0,0,0.0011855641475013072,-0.0061469819773397605,100000.0,0.0,0.0,0.0,0.12102616377845726,3299.18,0.0
2023-01-09,100000.0,112065.92,0,0,0.002196756424672245,0.0004911918983656616,100000.0,0.0,0.0,0.0,0.12065919130139315,3298.1,0.0
2023-01-10,100000.0,112144.41,0,0,0.0016021010421070185,0.01315897115812903,100000.0,0.0,0.0,0.0,0.12144410465511377,3300.41,0.0
2023-01-11,100000.0,111878.02,0,0,0.002026487349763478,0.02293952748157202,100000.0,0.0,0.0,0.0,0.11878015630309223,3292.57,0.0
2023-01-12,100000.0,111541.28,0,0,0.0028585018280959515,0.02949132715541669,100000.0,0.0,0.0,0.0,0.1154128440366972,3282.66,0.0
2023-01-13,100000.0,111413.52,0,0,0.0014573334392038399,0.027054804965079837,100000.0,0.0,0.0,0.0,0.11413523615358484,3278.9,0.0
2023-01-16,100000.0,112120.97,0,0,-0.0005952452476642458,0.02186246105730194,100000.0,0.0,0.0,0.0,0.12120965001698947,3299.72,0.0
2023-01-17,100000.0,113620.12,0,0,-0.0011667837775938507,0.005218551126848103,100000.0,0.0,0.0,0.0,0.13620115528372423,3343.84,0.0
2023-01-18,100000.0,114444.44,0,0,0.002563711541960148,0.001775481725601935,100000.0,0.0,0.0,0.0,0.14444444444444438,3368.1,0.0
2023-01-19,100000.0,114830.78,0,0,0.0026748336564557207,0.0005799725992536864,100000.0,0.0,0.0,0.0,0.14830784913353723,3379.47,0.0
2023-01-20,100000.0,114427.79,0,0,0.0019503785747508893,0.004192884567987276,100000.0,0.0,0.0,0.0,0.14427794767244312,3367.61,0.0
2023-01-23,100000.0,114572.21,0,0,0.0013173265038879413,0.0029775850717408403,100000.0,0.0,0.0,0.0,0.14572205232755703,3371.86,0.0
2023-01-24,100000.0,114213.05,0,0,0.001474046002636501,0.005161708748724347,100000.0,0.0,0.0,0.0,0.14213047910295615,3361.29,0.0
2023-01-25,100000.0,114647.64,0,0,0.003264156925709601,-0.007773970978755651,100000.0,0.0,0.0,0.0,0.14647638464152232,3374.08,0.0
2023-01-26,100000.0,114897.38,0,0,0.002995824720445356,-0.004657792709001796,100000.0,0.0,0.0,0.0,0.1489738362215426,3381.43,0.0
2023-01-27,100000.0,114907.58,0,0,0.00042821723334636393,-0.0047608768293151416,100000.0,0.0,0.0,0.0,0.14907577302072722,3381.73,0.0
2023-01-30,100000.0,114913.35,0,0,0.0010461186294367947,-0.0020254886306513287,100000.0,0.0,0.0,0.0,0.1491335372069318,3381.9,0.0
2023-01-31,100000.0,114802.58,0,0,0.000998049968634061,0.005277271328108402,100000.0,0.0,0.0,0.0,0.1480258239891268,3378.64,0.0
2023-02-01,100000.0,113756.37,1,1,0.007484368028155867,0.017868184058425607,5000.0,94924.0,0.0,0.0,0.13756371049949026,3347.85,0.0
2023-02-02,101520.88,114362.22,0,0,0.004879794834792035,0.017636851988305446,101520.88,0.0,1674.16,0.015208820097073913,0.14362215426435607,3365.68,0.0
2023-02-03,101520.88,114360.52,0,0,0.004474747404988988,0.020810368341142693,101520.88,0.0,0.0,0.015208820097073913,0.14360516479782542,3365.63,0.0
2023-02-06,101520.88,114680.6,0,0,0.0045702744436406685,0.013513873868535198,101520.88,0.0,0.0,0.015208820097073913,0.1468059802922189,3375.05,0.0
2023-02-07,101520.88,115408.43,0,0,0.0029813693918571346,0.009592312018065874,101520.88,0.0,0.0,0.015208820097073913,0.15408426775399245,3396.47,0.0
2023-02-08,101520.88,115788.99,0,0,0.003287004948387738,0.00235351427808439,101520.88,0.0,0.0,0.015208820097073913,0.15788990825688073,3407.67,0.0
2023-02-09,101520.88,116379.2,0,0,0.0022088788736974504,-0.01725527293111906,101520.88,0.0,0.0,0.015208820097073913,0.1637920489296636,3425.04,0.0
2023-02-10,101520.88,116740.4,0,0,0.0025351258379281167,-0.0431706188312615,101520.88,0.0,0.0,0.015208820097073913,0.16740400951410134,3435.67,0.0
2023-02-13,101520.88,116230.38,0,0,0.0006115148697725048,-0.03139160279010478,101520.88,0.0,0.0,0.015208820097073913,0.16230377166156978,3420.66,0.0
2023-02-14,101520.88,116515.46,0,0,-0.0005544177987512756,-0.039830273690964035,101520.88,0.0,0.0,0.015208820097073913,0.1651546041454299,3429.05,0.0
2023-02-15,101520.88,116061.5,0,0,-0.001355086030196692,-0.039971425978352904,101520.88,0.0,0.0,0.015208820097073913,0.16061501868841327,3415.69,0.0
2023-02-16,101520.88,114371.05,0,0,-0.003011861858665441,-0.024055687267152792,101520.88,0.0,0.0,0.015208820097073913,0.143710499490316,3365.94,0.0
2023-02-17,101520.88,111700.65,0,0,-0.0023604793423895633,0.00011255266399978758,101520.88,0.0,0.0,0.015208820097073913,0.11700645599728174,3287.35,0.0
2023-02-20,101520.88,112581.72,0,0,-0.0010812465120064473,-0.0038058962719722533,101520.88,0.0,0.0,0.015208820097073913,0.12581719334012917,3313.28,0.0
2023-02-21,101520.88,111874.62,0,0,-9.952499960271156e-06,0.005740371210671613,101520.88,0.0,0.0,0.015208820097073913,0.11874617737003049,3292.47,0.0
2023-02-22,101520.88,111422.36,0,0,0.005022004922449072,0.007239658937044924,101520.88,0.0,0.0,0.015208820097073913,0.11422358137954464,3279.16,0.0
2023-02-23,101520.88,111619.78,0,0,0.004611502290778424,0.008079221423635596,101520.88,0.0,0.0,0.015208820097073913,0.11619775739041797,3284.97,0.0
2023-02-24,101520.88,111713.22,0,0,0.00281358710476307,0.011472996483885556,101520.88,0.0,0.0,0.015208820097073913,0.11713217804960921,3287.72,0.0
2023-02-27,101520.88,112153.24,0,0,0.0015387594437398459,0.010058563867336057,101520.88,0.0,0.0,0.015208820097073913,0.12153244988107384,3300.67,0.0
2023-02-28,101520.88,112516.82,0,0,0.001257475971796763,0.006924626363106645,101520.88,0.0,0.0,0.015208820097073913,0.12516819571865445,3311.37,0.0
2023-03-01,101520.88,112229.02,0,0,0.002469369193903361,0.01181991583154196,101520.88,0.0,0.0,0.015208820097073913,0.12229018008834522,3302.9,0.0
2023-03-02,101520.88,112521.58,0,0,0.0021738168236136845,0.006102956053280595,101520.88,0.0,0.0,0.015208820097073913,0.1252157662249406,3311.51,0.0
2023-03-03,101520.88,112994.9,0,0,0.002429905215903001,0.006757000577367167,101520.88,0.0,0.0,0.015208820097073913,0.12994903160040777,3325.44,0.0
2023-03-06,101520.88,113281.35,0,0,0.0022515278761966544,0.017877121783392846,101520.88,0.0,0.0,0.015208820097073913,0.1328134556574923,3333.87,0.0
2023-03-07,101520.88,113295.96,0,0,0.0014363284450877125,0.01560447470233628,101520.88,0.0,0.0,0.015208820097073913,0.13295956506965698,3334.3,0.0
2023-03-08,101520.88,113555.56,0,0,0.0010333615102286705,0.011523246976307133,101520.88,0.0,0.0,0.015208820097073913,0.13555555555555562,3341.94,0.0
2023-03-09,101520.88,113208.29,0,0,0.0026259301674838678,0.015205359393946738,101520.88,0.0,0.0,0.015208820097073913,0.13208290859667002,3331.72,0.0
2023-03-10,101520.88,113758.41,0,0,0.002905012609127822,0.012201642218578224,101520.88,0.0,0.0,0.015208820097073913,0.13758409785932715,3347.91,0.0
2023-03-13,101520.88,115306.49,0,0,0.0011855375287167466,-0.0008251141162289866,101520.88,0.0,0.0,0.015208820097073913,0.1530648997621474,3393.47,0.0
2023-03-14,101520.88,115063.88,0,0,0.002321592548947642,-0.0005315489039756649,101520.88,0.0,0.0,0.015208820097073913,0.15063880394155627,3386.33,0.0
2023-03-15,101520.88,114864.08,0,0,-6.734504076108116e-05,-0.0013518910204262102,101520.88,0.0,0.0,0.015208820097073913,0.1486408426775399,3380.45,0.0
2023-03-16,101520.88,114929.66,0,0,0.0002200715284571654,0.0006592990734335391,101520.88,0.0,0.0,0.015208820097073913,0.14929663608562696,3382.38,0.0
2023-03-17,101520.88,115146.45,0,0,-0.003349971423855032,-0.00224270824726458,101520.88,0.0,0.0,0.015208820097073913,0.15146449201495082,3388.76,0.0
2023-03-20,101520.88,115211.35,0,0,-0.0008007443753510355,-0.0014451421105563522,101520.88,0.0,0.0,0.015208820097073913,0.15211348963642551,3390.67,0.0
2023-03-21,101520.88,115002.72,0,0,-0.0034829069086105284,-0.0017018611151327079,101520.88,0.0,0.0,0.015208820097073913,0.15002718314644925,3384.53,0.0
2023-03-22,101520.88,114708.8,0,0,-0.00018818997946319182,0.00010663886157091795,101520.88,0.0,0.0,0.015208820097073913,0.1470880054366293,3375.88,0.0
2023-03-23,101520.88,115005.44,0,0,-0.0019418836534875153,0.0008745468458699612,101520.88,0.0,0.0,0.015208820097073913,0.15005436629289848,3384.61,0.0
2023-03-24,101520.88,114888.21,0,0,-0.0014738464757302842,0.002664765938316993,101520.88,0.0,0.0,0.015208820097073913,0.14888209310227657,3381.16,0.0
2023-03-27,101520.88,115044.85,0,0,0.0004751215519802263,0.0016864701382550695,101520.88,0.0,0.0,0.015208820097073913,0.15044852191641184,3385.77,0.0
2023-03-28,101520.88,114807.0,0,0,0.001627908961741743,0.0036492569781310102,101520.88,0.0,0.0,0.015208820097073913,0.1480699966021067,3378.77,0.0
2023-03-29,101520.88,114721.03,0,0,0.0019424412317558598,0.008524275525436664,101520.88,0.0,0.0,0.015208820097073913,0.1472103295956507,3376.24,0.0
2023-03-30,101520.88,115106.01,0,0,8.223064927342981e-05,0.0076131268136157,101520.88,0.0,0.0,0.015208820097073913,0.151060142711519,3387.57,0.0
2023-03-31,101520.88,115194.36,0,0,-0.0013249146299367494,0.007250373875056448,101520.88,0.0,0.0,0.015208820097073913,0.151943594971118,3390.17,0.0
2023-04-03,101520.88,115238.87,0,0,0.0016766651308978738,0.006262752544611727,101520.88,0.0,0.0,0.015208820097073913,0.1523887189942236,3391.48,0.0
2023-04-04,101520.88,115225.96,0,0,0.0011614838402171288,-8.846686915742197e-05,101520.88,0.0,0.0,0.015208820097073913,0.15225959904858988,3391.1,0.0
2023-04-05,101520.88,115698.95,0,0,0.0009041938676394618,-0.009879530810391723,101520.88,0.0,0.0,0.015208820097073913,0.15698946653075094,3405.02,0.0
2023-04-06,101520.88,115982.33,0,0,0.0005845704629782308,-0.0014970586167295519,101520.88,0.0,0.0,0.015208820097073913,0.1598233095480803,3413.36,0.0
2023-04-07,101520.88,116029.56,0,0,0.0017528319144675232,-0.010217439051175004,101520.88,0.0,0.0,0.015208820097073913,0.16029561671763512,3414.75,0.0
2023-04-10,101520.88,115960.58,0,0,0.000609725705256333,-0.00661642326355516,101520.88,0.0,0.0,0.015208820097073913,0.1596058443764865,3412.72,0.0
2023-04-11,101520.88,115215.77,0,0,0.0024124262464753567,0.006045770909519854,101520.88,0.0,0.0,0.015208820097073913,0.1521576622494054,3390.8,0.0
2023-04-12,101520.88,114555.9,0,0,0.0015670357001629082,0.0011093380158866406,101520.88,0.0,0.0,0.015208820097073913,0.14555895344886172,3371.38,0.0
2023-04-13,101520.88,115808.7,0,0,-0.0029678146157027033,-0.00935083987383556,101520.88,0.0,0.0,0.015208820097073913,0.1580869860686375,3408.25,0.0
2023-04-14,101520.88,114844.04,0,0,-0.0027894276595034125,0.0009319912659104812,101520.88,0.0,0.0,0.015208820097073913,0.1484403669724772,3379.86,0.0
2023-04-17,101520.88,115193.34,0,0,-0.002244384922004681,2.3597845516754035e-05,101520.88,0.0,0.0,0.015208820097073913,0.1519334012911994,3390.14,0.0
2023-04-18,101520.88,115912.33,0,0,-0.00565381765591299,-0.0008032128514057213,101520.88,0.0,0.0,0.015208820097073913,0.15912334352701335,3411.3,0.0
2023-04-19,101520.88,114682.98,0,0,0.002358359121625088,0.012941762070681984,101520.88,0.0,0.0,0.015208820097073913,0.14682976554536187,3375.12,0.0
2023-04-20,101520.88,114725.79,0,0,-0.0007657402510647452,0.008571310101351148,101520.88,0.0,0.0,0.015208820097073913,0.14725790010193682,3376.38,0.0
2023-04-21,101520.88,114951.07,0,0,0.00022900951915989936,0.009213688401748632,101520.88,0.0,0.0,0.015208820097073913,0.1495107033639145,3383.01,0.0
2023-04-24,101520.88,115196.06,0,0,-0.00030624298344735705,0.0075924276300654014,101520.88,0.0,0.0,0.015208820097073913,0.15196058443764865,3390.22,0.0
2023-04-25,101520.88,115819.23,0,0,-0.0019263481189618023,0.005650479968080324,101520.88,0.0,0.0,0.015208820097073913,0.15819232076112807,3408.56,0.0
2023-04-26,101520.88,116167.18,0,0,-0.0032321154299254453,-0.0006084006084007276,101520.88,0.0,0.0,0.015208820097073913,0.16167176350662602,3418.8,0.0
2023-04-27,101520.88,115709.14,0,0,-0.0012448353805768128,-0.0013772567629474208,101520.88,0.0,0.0,0.015208820097073913,0.15709140332993557,3405.32,0.0
2023-04-28,101520.88,116010.19,0,0,-0.0014768560800174826,0.0018247426907778141,101520.88,0.0,0.0,0.015208820097073913,0.16010193679918447,3414.18,0.0
2023-05-01,101520.88,116070.68,0,0,-0.0012176984254655267,0.010881274956381137,101520.88,0.0,0.0,0.015208820097073913,0.1607067618076793,3415.96,0.0
2023-05-02,101520.88,116473.67,0,0,-0.0004130062855047756,0.0008431014464003184,101520.88,0.0,0.0,0.015208820097073913,0.1647366632687734,3427.82,0.0
2023-05-03,101520.88,116096.5,0,0,-0.0006184434046064774,0.004908216066871196,101520.88,0.0,0.0,0.015208820097073913,0.1609650016989466,3416.72,0.0
2023-05-04,101520.88,115549.78,0,0,0.0012037235891027192,0.009512943189938339,101520.88,0.0,0.0,0.015208820097073913,0.15549779136935105,3400.63,0.0
2023-05-05,101520.88,116221.88,0,0,-0.0009340134851779387,0.000888782338959393,101520.88,0.0,0.0,0.015208820097073913,0.1622188243289161,3420.41,0.0
2023-05-08,101520.88,117333.67,0,0,-0.0012193510619616572,-0.008013020071645172,101520.88,0.0,0.0,0.015208820097073913,0.17333673122663953,3453.13,0.0
2023-05-09,101520.88,116571.87,0,0,-0.001901131563462426,-0.0019383742723809716,101520.88,0.0,0.0,0.015208820097073913,0.1657186544342508,3430.71,0.0
2023-05-10,101520.88,116666.33,0,0,-0.0018741388067489758,-0.0056123652610026165,101520.88,0.0,0.0,0.015208820097073913,0.16666326877336046,3433.49,0.0
2023-05-11,101520.88,116649.0,0,0,-0.0024565271493041003,-0.01016026892087929,101520.88,0.0,0.0,0.015208820097073913,0.16648997621474687,3432.98,0.0
2023-05-12,101520.88,116325.18,0,0,-0.0001957502941882815,-0.005652192963238822,101520.88,0.0,0.0,0.015208820097073913,0.1632517838939857,3423.45,0.0
2023-05-15,101520.88,116393.48,0,0,-0.00025902475070376326,-0.011496266194905291,101520.88,0.0,0.0,0.015208820097073913,0.16393476044852198,3425.46,0.0
2023-05-16,101520.88,116345.91,0,0,0.0011830368613518116,-0.0105839266835277,101520.88,0.0,0.0,0.015208820097073913,0.1634590553856609,3424.06,0.0
2023-05-17,101520.88,116011.55,0,0,0.003162059559641373,-0.007849523463631436,101520.88,0.0,0.0,0.015208820097073913,0.16011552837240903,3414.22,0.0
2023-05-18,101520.88,115463.81,0,0,0.0009281401872313538,-0.0017068361731554793,101520.88,0.0,0.0,0.015208820097073913,0.15463812436289504,3398.1,0.0
2023-05-19,101520.88,115667.69,0,0,0.002833229537912955,-0.003909990893334547,101520.88,0.0,0.0,0.015208820097073913,0.15667686034658515,3404.1,0.0
2023-05-22,101520.88,115055.39,0,0,0.004422260754219234,0.002102726456551407,101520.88,0.0,0.0,0.015208820097073913,0.15055385660890241,3386.08,0.0
2023-05-23,101520.88,115114.51,0,0,0.0034044171493104874,0.002163633250880981,101520.88,0.0,0.0,0.015208820097073913,0.15114509004417268,3387.82,0.0
2023-05-24,101520.88,115100.92,0,0,0.0037473746161328673,0.002712979199508858,101520.88,0.0,0.0,0.015208820097073913,0.15100917431192662,3387.42,0.0
2023-05-25,101520.88,115266.73,0,0,0.0036108991036930493,-0.0017451286737611982,101520.88,0.0,0.0,0.015208820097073913,0.15266734624532793,3392.3,0.0
2023-05-26,101520.88,115215.43,0,0,0.0046711109090347355,-0.003052386022136422,101520.88,0.0,0.0,0.015208820097073913,0.1521542643560993,3390.79,0.0
2023-05-29,101520.88,115297.32,0,0,0.004949147759399475,-0.004279146528350819,101520.88,0.0,0.0,0.015208820097073913,0.15297315664288136,3393.2,0.0
2023-05-30,101520.88,115363.57,0,0,0.0038040944548347272,-0.005658071071970361,101520.88,0.0,0.0,0.015208820097073913,0.15363574583758077,3395.15,0.0
2023-05-31,101520.88,115413.18,0,0,0.0022767559185698184,-0.007151247861838739,101520.88,0.0,0.0,0.015208820097073913,0.15413183826027874,3396.61,0.0
2023-06-01,101520.88,115065.58,0,0,0.004686905282733161,-0.006591109089942648,101520.88,0.0,0.0,0.015208820097073913,0.15065579340808705,3386.38,0.0
2023-06-02,101520.88,114863.74,1,1,0.007281558175549771,-0.009699920720379618,5076.04,96367.68,0.0,0.015208820097073913,0.14863744478423382,3380.44,0.0
2023-06-05,100295.34,114803.94,0,0,0.003564434762769959,-0.011125646702262348,100295.34,0.0,-1072.15,0.002953369320953061,0.14803941556235134,3378.68,1.0
2023-06-06,100295.34,114710.84,0,0,0.0032628767446159605,-0.011875211052329138,100295.34,0.0,0.0,0.002953369320953061,0.1471083927964662,3375.94,1.0
2023-06-07,100295.34,114587.84,0,0,0.00330696367284307,-0.01354260568392085,100295.34,0.0,0.0,0.002953369320953061,0.14587835541963984,3372.32,1.0
2023-06-08,100295.34,114307.17,0,0,0.004585612689275824,-0.00847785116793398,100295.34,0.0,0.0,0.002953369320953061,0.14307169554875973,3364.06,1.0
2023-06-09,100295.34,113749.58,0,0,0.004320497556225804,-0.00010753812375852156,100295.34,0.0,0.0,0.002953369320953061,0.13749575263336739,3347.65,1.0
2023-06-12,100295.34,113526.67,0,0,0.004476133902497811,-0.00026039406301547885,100295.34,0.0,0.0,0.002953369320953061,0.13526673462453284,3341.09,1.0
2023-06-13,100295.34,113348.62,0,0,0.00425446785255363,-3.8970577214247903e-05,100295.34,0.0,0.0,0.002953369320953061,0.13348623853211014,3335.85,1.0
2023-06-14,100295.34,113036.02,0,0,0.0034819075358428443,0.0018006102234979782,100295.34,0.0,0.0,0.002953369320953061,0.1303601766904519,3326.65,1.0
2023-06-15,100295.34,113338.09,0,0,0.002517856321809383,-0.00071352764469923,100295.34,0.0,0.0,0.002953369320953061,0.13338090383961942,3335.54,1.0
2023-06-16,100295.34,113737.34,0,0,0.001502670488209839,-0.0031368659422995604,100295.34,0.0,0.0,0.002953369320953061,0.13737342847434586,3347.29,1.0
2023-06-19,100295.34,113497.11,0,0,0.0018512423931329302,-0.003155480776715347,100295.34,0.0,0.0,0.002953369320953061,0.1349711179068977,3340.22,1.0
2023-06-20,100295.34,113344.21,0,0,0.001559268792665113,0.002356312879977951,100295.34,0.0,0.0,0.002953369320953061,0.1334420659191301,3335.72,1.0
2023-06-21,100295.34,113239.55,0,0,0.0017700147806381267,0.00210943876326275,100295.34,0.0,0.0,0.002953369320953061,0.1323955147808358,3332.64,1.0
2023-06-22,100295.34,113257.22,0,0,0.0021673863242478056,0.0024991299547576507,100295.34,0.0,0.0,0.002953369320953061,0.13257220523275565,3333.16,1.0
2023-06-23,100295.34,113380.56,0,0,0.0028504906215466785,0.0026792216471518415,100295.34,0.0,0.0,0.002953369320953061,0.13380564050288826,3336.79,1.0
2023-06-26,100295.34,113138.97,0,0,0.0030851279302359282,-0.0070787583191176395,100295.34,0.0,0.0,0.002953369320953061,0.13138973836221543,3329.68,1.0
2023-06-27,100295.34,113611.28,0,0,0.0026765608994925873,-0.010405014983939309,100295.34,0.0,0.0,0.002953369320953061,0.13611281005776416,3343.58,1.0
2023-06-28,100295.34,113478.42,0,0,0.0026894568855817163,-0.009710540262960254,100295.34,0.0,0.0,0.002953369320953061,0.13478423377505955,3339.67,1.0
2023-06-29,100295.34,113540.27,0,0,0.0015083957756533454,-0.00962444897336212,100295.34,0.0,0.0,0.002953369320953061,0.13540265035677876,3341.49,1.0
2023-06-30,100295.34,113684.34,0,0,0.0010445294519731058,-0.013575512668386303,100295.34,0.0,0.0,0.002953369320953061,0.13684335711858658,3345.73,1.0
2023-07-03,100295.34,112338.09,0,0,-0.005537565085221794,0.004815326773761397,100295.34,0.0,0.0,0.002953369320953061,0.12338090383961957,3306.11,1.0
2023-07-05,100295.34,112429.15,0,0,-0.000755196766009684,0.014222721901359758,100295.34,0.0,0.0,0.002953369320953061,0.12429153924566766,3308.79,1.0
2023-07-06,100295.34,112376.49,0,0,-0.0017908678822568672,0.001923053664082408,100295.34,0.0,0.0,0.002953369320953061,0.12376486578321434,3307.24,1.0
2023-07-07,100295.34,112447.5,0,0,0.0010492218748264224,-0.003048955528762609,100295.34,0.0,0.0,0.002953369320953061,0.12447502548419986,3309.33,1.0
2023-07-10,100295.34,112141.01,0,0,-1.6997549445987067e-05,-0.0036451121258305186,100295.34,0.0,0.0,0.002953369320953061,0.12141012572205233,3300.31,1.0
2023-07-11,100295.34,112879.03,0,0,-0.0006956110025234632,-0.005924088584389753,100295.34,0.0,0.0,0.002953369320953061,0.12879034998301067,3322.03,1.0
2023-07-12,100295.34,114028.2,0,0,-0.005771936876892651,-0.016383330601784984,100295.34,0.0,0.0,0.002953369320953061,0.14028202514441043,3355.85,1.0
2023-07-13,100295.34,112592.59,-1,-1,-0.009927378437416635,-0.004134476098503037,5014.77,95204.35,0.0,0.002953369320953061,0.125925925925926,3313.6,1.0
2023-07-14,99946.59,112104.66,0,0,-0.00249707913665256,0.0020641117348239035,99946.59,0.0,-196.51,-0.0005340619757093373,0.12104655113829416,3299.24,2.0
2023-07-17,99946.59,111732.25,0,0,-0.0035323693079976977,0.003424282603671225,99946.59,0.0,0.0,-0.0005340619757093373,0.11732246007475376,3288.28,2.0
2023-07-18,99946.59,112210.33,0,0,-0.00379856357066071,-0.0030553999424651757,99946.59,0.0,0.0,-0.0005340619757093373,0.12210329595650692,3302.35,2.0
2023-07-19,99946.59,112160.04,0,0,-0.00251060648038549,-0.00337789734221583,99946.59,0.0,0.0,-0.0005340619757093373,0.12160040774719673,3300.87,2.0
2023-07-20,99946.59,112127.08,0,0,-0.004206983234118555,-0.005760780629716078,99946.59,0.0,0.0,-0.0005340619757093373,0.1212708120965003,3299.9,2.0
2023-07-21,99946.59,112336.05,0,0,-0.002422511336872624,-0.007229170762692694,99946.59,0.0,0.0,-0.0005340619757093373,0.12336051647978268,3306.05,2.0
2023-07-24,99946.59,112114.85,0,0,-0.0038082312737353022,-0.010186268388927,99946.59,0.0,0.0,-0.0005340619757093373,0.12114848793747879,3299.54,2.0
2023-07-25,99946.59,111867.48,0,0,-0.0015150478610442505,0.005768074210420693,99946.59,0.0,0.0,-0.0005340619757093373,0.1186748216106015,3292.26,2.0
2023-07-26,99946.59,111781.18,0,0,3.387678237554882e-05,0.003419743929574448,99946.59,0.0,0.0,-0.0005340619757093373,0.11781175671083925,3289.72,2.0
2023-07-27,99946.59,111481.14,0,0,-0.0001285750019586484,0.004273230739220146,99946.59,0.0,0.0,-0.0005340619757093373,0.11481141692150865,3280.89,2.0
2023-07-28,99946.59,111523.96,0,0,0.001537635509821242,0.003391069877976438,99946.59,0.0,0.0,-0.0005340619757093373,0.1152395514780836,3282.15,2.0
2023-07-31,99946.59,110972.82,0,0,0.002461862818029276,0.011258661392007818,99946.59,0.0,0.0,-0.0005340619757093373,0.10972816853550801,3265.93,2.0
2023-08-01,99946.59,112512.74,0,0,-0.005725229374821679,-0.0009845224613062031,99946.59,0.0,0.0,-0.0005340619757093373,0.12512742099898067,3311.25,2.0
2023-08-02,99946.59,112163.44,0,0,-0.002525821574610671,0.0068525312256702,99946.59,0.0,0.0,-0.0005340619757093373,0.12163438668025818,3300.97,2.0
2023-08-03,99946.59,111957.53,0,0,-0.0021019094082510774,0.025150914592507956,99946.59,0.0,0.0,-0.0005340619757093373,0.11957526333673114,3294.91,2.0
2023-08-04,99946.59,111902.14,0,0,-0.0020980769838924284,0.018492202302871297,99946.59,0.0,0.0,-0.0005340619757093373,0.11902140672782888,3293.28,2.0
2023-08-07,99946.59,112222.22,0,0,-0.0025640695903804884,0.014660732128258802,99946.59,0.0,0.0,-0.0005340619757093373,0.12222222222222219,3302.7,2.0
2023-08-08,99946.59,112401.97,0,0,-0.003195380016925959,0.01579811305354628,99946.59,0.0,0.0,-0.0005340619757093373,0.12401970778117567,3307.99,2.0
2023-08-09,99946.59,112932.04,0,0,-0.004489531042717494,-0.001152368372753565,99946.59,0.0,0.0,-0.0005340619757093373,0.12932042133877011,3323.59,2.0
2023-08-10,99946.59,114773.36,0,0,-0.0036692536109064417,-0.003182563695681817,99946.59,0.0,0.0,-0.0005340619757093373,0.14773360516479792,3377.78,2.0
2023-08-11,99946.59,113971.46,0,0,-0.0036591239364483453,0.01143647627736133,99946.59,0.0,0.0,-0.0005340619757093373,0.13971457696228332,3354.18,2.0
2023-08-14,99946.59,113867.48,0,0,-0.0010811960949665567,0.017567261094798114,99946.59,0.0,0.0,-0.0005340619757093373,0.13867482161060135,3351.12,2.0
2023-08-15,99946.59,114177.71,0,0,-0.001187307850451895,0.011519976192247539,99946.59,0.0,0.0,-0.0005340619757093373,0.1417770981991166,3360.25,2.0
2023-08-16,99946.59,112801.9,0,0,-0.0006622518703736314,0.02887859363327472,99946.59,0.0,0.0,-0.0005340619757093373,0.1280190282025146,3319.76,2.0
2023-08-17,99946.59,114408.09,0,0,-0.0009389735575859548,0.017017965387893685,99946.59,0.0,0.0,-0.0005340619757093373,0.1440808698606865,3367.03,2.0
2023-08-18,99946.59,115274.89,0,0,0.00019411570303340896,0.00948551822528243,99946.59,0.0,0.0,-0.0005340619757093373,0.1527488956846755,3392.54,2.0
2023-08-21,99946.59,115867.82,0,0,0.001346096327041399,0.004797668028352131,99946.59,0.0,0.0,-0.0005340619757093373,0.1586782195039076,3409.99,2.0
2023-08-22,99946.59,115493.03,0,0,0.0009040306375875164,0.009252830277496571,99946.59,0.0,0.0,-0.0005340619757093373,0.15493034318722393,3398.96,2.0
2023-08-23,99946.59,116059.46,0,0,0.0017856547923408386,0.004145648094202148,99946.59,0.0,0.0,-0.0005340619757093373,0.16059463132857635,3415.63,2.0
2023-08-24,99946.59,116355.08,0,0,-0.002269022140486919,0.0010980250151124693,99946.59,0.0,0.0,-0.0005340619757093373,0.16355079850492693,3424.33,2.0
2023-08-25,99946.59,116368.33,0,0,-0.0011805816170680837,0.0029841855684553664,99946.59,0.0,0.0,-0.0005340619757093373,0.16368331634386676,3424.72,2.0
2023-08-28,99946.59,116423.72,0,0,-0.0006953563292751114,0.003905030134107701,99946.59,0.0,0.0,-0.0005340619757093373,0.16423717295276932,3426.35,2.0
2023-08-29,99946.59,116561.67,0,0,-0.0005755444831134582,0.004544646266772867,99946.59,0.0,0.0,-0.0005340619757093373,0.1656167176350663,3430.41,2.0
2023-08-30,99946.59,116540.6,0,0,0.002364989252389894,0.005076112531670951,99946.59,0.0,0.0,-0.0005340619757093373,0.165406048250085,3429.79,2.0
2023-08-31,99946.59,116482.84,0,0,0.002108031287310522,0.00714391979207063,99946.59,0.0,0.0,-0.0005340619757093373,0.16482840638803944,3428.09,2.0
2023-09-01,99946.59,116715.6,0,0,0.001028920259575395,0.00017758679918711273,99946.59,0.0,0.0,-0.0005340619757093373,0.16715596330275234,3434.94,2.0
2023-09-04,99946.59,116878.36,0,0,0.0017854156165082835,0.007552918397665032,99946.59,0.0,0.0,-0.0005340619757093373,0.16878355419639832,3439.73,2.0
2023-09-05,99946.59,117091.4,0,0,0.00012230431416533117,0.013398142774230903,99946.59,0.0,0.0,-0.0005340619757093373,0.17091403329935448,3446.0,2.0
2023-09-06,99946.59,117132.18,0,0,0.001229168051928607,0.00865339986075675,99946.59,0.0,0.0,-0.0005340619757093373,0.1713217804960924,3447.2,2.0
2023-09-07,99946.59,117314.98,0,0,0.001394834423861873,0.006948426973451882,99946.59,0.0,0.0,-0.0005340619757093373,0.17314984709480122,3452.58,2.0
2023-09-08,99946.59,116736.32,0,0,0.0051407188808194944,0.011651700601068127,99946.59,0.0,0.0,-0.0005340619757093373,0.16736323479442755,3435.55,2.0
2023-09-11,99946.59,117761.13,1,1,0.011192979991753933,0.0041145970089822015,4997.33,94873.3,0.0,-0.0005340619757093373,0.1776112810057764,3465.71,2.0
2023-09-12,99906.58,118660.21,0,0,0.0032871348358038998,0.0011797821984611545,99906.58,0.0,111.93,-0.0009342396049495437,0.18660210669384994,3492.17,0.0
2023-09-13,99906.58,118145.77,1,1,0.006560208687718872,0.004046556975349613,4995.33,94835.32,0.0,-0.0009342396049495437,0.18145769622833846,3477.03,0.0
2023-09-14,100668.73,118130.14,1,1,0.007724810056695724,0.008036656819796484,4995.33,95597.48,762.16,0.006687349465940206,0.18130139313625565,3476.57,0.0
2023-09-15,101720.27,118096.5,1,1,0.009190440946846437,0.010999602943969178,4995.33,96649.01,1051.53,0.017202692376542983,0.18096500169894672,3475.58,0.0
2023-09-18,102903.4,118245.67,1,1,0.009527325914636894,0.012241484840386674,4995.33,97832.14,1183.13,0.02903396646009569,0.1824566768603465,3479.97,0.0
2023-09-19,103685.84,118800.2,0,0,0.003909106000738625,0.009581585051583241,103685.84,0.0,937.39,0.036858389867088406,0.18800203873598367,3496.29,0.0
2023-09-20,103685.84,118623.85,0,0,0.005969620760989035,0.011199908338346054,103685.84,0.0,0.0,0.036858389867088406,0.18623853211009175,3491.1,0.0
2023-09-21,103685.84,119079.51,0,0,0.005879564230481584,0.008917081132597815,103685.84,0.0,0.0,0.036858389867088406,0.19079510703363922,3504.51,0.0
2023-09-22,103685.84,119395.51,0,0,0.005780761125668254,0.008620272581613575,103685.84,0.0,0.0,0.036858389867088406,0.1939551478083589,3513.81,0.0
2023-09-25,103685.84,119693.17,1,1,0.00715155963755415,0.012215513105488185,5184.29,98422.75,0.0,0.036858389867088406,0.1969317023445465,3522.57,0.0
2023-09-26,104968.76,119938.5,1,1,0.007134185914405913,0.013034769773839328,5184.29,99705.66,1282.92,0.049687568187176075,0.19938498131158688,3529.79,0.0
2023-09-27,105747.43,119952.43,1,1,0.00835484710600882,0.007809755821200026,5184.29,100484.34,778.68,0.057474337056723016,0.1995242949371389,3530.2,0.0
2023-09-28,105797.53,120141.35,0,0,0.00594877661096455,0.002084417494400137,105797.53,0.0,209.45,0.05797528751864054,0.20141352361535858,3535.76,0.0
2023-09-29,105797.53,120424.74,1,1,0.008064543336938254,0.0016167715357919832,5289.88,100427.25,0.0,0.05797528751864054,0.20424736663268778,3544.1,0.0
2023-10-02,105846.17,121155.28,0,0,0.004785724124078714,0.002086605339914671,105846.17,0.0,209.55,0.05846165219614195,0.2115528372409106,3565.6,0.0
2023-10-03,105846.17,121501.87,0,0,0.004344910104069335,-0.0031181833435874884,105846.17,0.0,0.0,0.05846165219614195,0.215018688413184,3575.8,0.0
2023-10-04,105846.17,120889.23,0,0,0.005595856737505648,0.00047220590426011455,105846.17,0.0,0.0,0.05846165219614195,0.208892286782195,3557.77,0.0
2023-10-05,105846.17,120391.78,1,1,0.0075284011649344625,0.005447161125897049,5292.31,100473.41,0.0,0.05846165219614195,0.2039177709819912,3543.13,0.0
2023-10-06,106007.18,120619.44,0,0,0.0037803769592137096,0.0032057873193926945,106007.18,0.0,322.1,0.06007182121962294,0.20619435949711187,3549.83,0.0
2023-10-09,106007.18,121408.09,0,0,0.0034214235451605914,-0.006417504422004727,106007.18,0.0,0.0,0.06007182121962294,0.21408086986068636,3573.04,0.0
2023-10-10,106007.18,121123.0,0,0,0.0027657201052580507,-0.0032822296719173805,106007.18,0.0,0.0,0.06007182121962294,0.21123003737682636,3564.65,0.0
2023-10-11,106007.18,120946.31,0,0,0.004079660764650406,-0.013274522749301187,106007.18,0.0,0.0,0.06007182121962294,0.20946313285762821,3559.45,0.0
2023-10-12,106007.18,121047.57,1,1,0.007315458038064198,-0.01947827746790809,5300.36,100626.26,0.0,0.06007182121962294,0.21047570506286095,3562.43,0.0
2023-10-13,103218.13,121006.12,0,0,0.0059209804297781325,-0.026137183710031153,103218.13,0.0,-2630.09,0.03218132747255484,0.2100611620795107,3561.21,1.0
2023-10-16,103218.13,120628.95,1,1,0.007939499487906475,-0.024382343082327007,5160.91,97978.78,0.0,0.03218132747255484,0.206289500509684,3550.11,1.0
2023-10-17,100618.47,120725.45,1,1,0.006799084353218244,-0.026532881126950847,5160.91,95379.12,-2599.66,0.006184734158223727,0.2072545022086306,3552.95,1.0
2023-10-18,98653.56,119340.81,0,0,0.0001522000414756335,-0.018993793064176256,98653.56,0.0,-1811.61,-0.013464376597049995,0.19340808698606868,3512.2,2.0
2023-10-19,98653.56,118689.77,0,0,0.0013116468209517075,-0.010120124590614399,98653.56,0.0,0.0,-0.013464376597049995,0.18689772341148492,3493.04,2.0
2023-10-20,98653.56,117843.36,0,0,0.0021713429386137303,-0.0013263631986113467,98653.56,0.0,0.0,-0.013464376597049995,0.17843357118586486,3468.13,2.0
2023-10-23,98653.56,117687.73,0,0,0.0029507366940224934,-0.0026966551659425297,98653.56,0.0,0.0,-0.013464376597049995,0.17687733605164802,3463.55,2.0
2023-10-24,98653.56,117522.26,0,0,0.0027505207599757297,-0.004033330634808596,98653.56,0.0,0.0,-0.013464376597049995,0.1752225620115528,3458.68,2.0
2023-10-25,98653.56,117074.07,0,0,0.004050249971281297,0.0015701685391629194,98653.56,0.0,0.0,-0.013464376597049995,0.17074074074074072,3445.49,2.0
2023-10-26,98653.56,117488.62,0,0,0.003549866635865334,-0.004407566901602045,98653.56,0.0,0.0,-0.013464376597049995,0.17488617057424402,3457.69,2.0
2023-10-27,98653.56,117687.05,0,0,0.004688287532703606,-0.003380943719269114,98653.56,0.0,0.0,-0.013464376597049995,0.17687054026503582,3463.53,2.0
2023-10-30,98653.56,117370.37,0,0,0.004322171295316083,0.0054281586817246374,98653.56,0.0,0.0,-0.013464376597049995,0.1737037037037038,3454.21,2.0
2023-10-31,98653.56,117048.25,0,0,0.004625797435215541,0.010886194273571403,98653.56,0.0,0.0,-0.013464376597049995,0.17048250084947345,3444.73,2.0
2023-11-01,98653.56,117257.9,0,0,0.005042112064179758,0.013993450983801337,98653.56,0.0,0.0,-0.013464376597049995,0.17257900101936802,3450.9,2.0
2023-11-02,98653.56,116970.78,0,0,0.003673061115566611,0.013655971764295893,98653.56,0.0,0.0,-0.013464376597049995,0.16970778117567112,3442.45,2.0
2023-11-03,98653.56,117289.16,0,0,0.0034740006431530036,0.014157748665921233,98653.56,0.0,0.0,-0.013464376597049995,0.17289160720353394,3451.82,2.0
2023-11-06,98653.56,118007.48,0,0,0.0014672609301351319,0.003728807702939152,98653.56,0.0,0.0,-0.013464376597049995,0.18007475365273537,3472.96,2.0
2023-11-07,98653.56,118322.46,0,0,0.0013870259505729314,0.006559015343616137,98653.56,0.0,0.0,-0.013464376597049995,0.1832246007475366,3482.23,2.0
2023-11-08,98653.56,118898.74,0,0,0.0019021353115560686,0.0012117089955103744,98653.56,0.0,0.0,-0.013464376597049995,0.1889874277947673,3499.19,2.0
2023-11-09,98653.56,118568.13,0,0,0.00223574090795113,0.004075129103070285,98653.56,0.0,0.0,-0.013464376597049995,0.18568127760788308,3489.46,2.0
2023-11-10,98653.56,118949.71,0,0,0.0039907273282768115,0.0015425530395436482,98653.56,0.0,0.0,-0.013464376597049995,0.18949711179068982,3500.69,2.0
2023-11-13,98653.56,118447.5,0,0,0.003346657257790272,0.006655364022593924,98653.56,0.0,0.0,-0.013464376597049995,0.18447502548419972,3485.91,2.0
2023-11-14,98653.56,119098.54,0,0,0.002776521440963027,-0.00027103595648592105,98653.56,0.0,0.0,-0.013464376597049995,0.19098538905878362,3505.07,2.0
2023-11-15,98653.56,119042.81,1,1,0.007482455954868334,0.0017011899766801175,4932.68,93645.91,0.0,-0.013464376597049995,0.19042813455657495,3503.43,2.0
2023-11-16,98899.19,119051.31,1,1,0.006532287596572324,0.002622956434377599,4932.68,93891.54,245.63,-0.011008085240330402,0.19051308188922864,3503.68,2.0
2023-11-17,98732.09,119133.2,1,1,0.00626981336283909,-0.001779760359831073,4932.68,93724.43,-167.1,-0.012679129590891389,0.191331974176011,3506.09,2.0
2023-11-20,98740.1,119235.81,1,1,0.006573310474109544,8.549176286853921e-05,4932.68,93732.44,8.01,-0.012599002921551,0.19235813795446827,3509.11,2.0
2023-11-21,98593.25,119066.26,1,1,0.0070986944414431,-0.0015667271668777794,4932.68,93585.59,-146.85,-0.014067534599718783,0.19066258919469925,3504.12,2.0
2023-11-22,98332.97,119245.33,1,1,0.007709092367933587,-0.002781110107454521,4932.68,93325.32,-260.27,-0.01667025295004336,0.1924532789670404,3509.39,2.0
2023-11-23,98051.41,119363.57,0,0,0.00569344657329075,-0.001414797587158012,98051.41,0.0,-132.04,-0.019485930665253545,0.19363574583758075,3512.87,3.0
2023-11-24,98051.41,118921.17,1,1,0.011316419487999434,0.0030115576381843923,14217.45,83766.89,0.0,-0.019485930665253545,0.18921168875297315,3499.85,3.0
2023-11-27,98014.17,119246.01,1,1,0.006346910126714711,-0.0004445191641899715,14217.45,83729.65,-37.24,-0.019858290525727497,0.19246007475365273,3509.41,3.0
2023-11-28,98288.91,118879.71,1,1,0.006732664496700157,0.003281284388460648,14217.45,84004.39,274.74,-0.017110882598992468,0.18879714576962286,3498.63,3.0
2023-11-29,98400.72,118913.69,0,0,0.004827403319202114,0.0029317384980698247,98400.72,0.0,246.28,-0.015992770519763434,0.1891369351002379,3499.63,0.0
2023-11-30,98400.72,119194.7,0,0,0.0023610053324844057,0.002177941218392654,98400.72,0.0,0.0,-0.015992770519763434,0.1919469928644241,3507.9,0.0
2023-12-01,98400.72,119279.31,0,0,0.004665502875425881,0.0031022194115184476,98400.72,0.0,0.0,-0.015992770519763434,0.1927930682976554,3510.39,0.0
2023-12-04,98400.72,119193.0,0,0,0.0038201503290381023,0.0059979759681856315,98400.72,0.0,0.0,-0.015992770519763434,0.19193000339789332,3507.85,0.0
2023-12-05,98400.72,119269.79,0,0,0.0030206516647574076,0.005381597727706522,98400.72,0.0,0.0,-0.015992770519763434,0.19269792728508328,3510.11,0.0
2023-12-06,98400.72,119262.32,0,0,-0.000973228517445197,0.004621227445874343,98400.72,0.0,0.0,-0.015992770519763434,0.1926231736323479,3509.89,0.0
2023-12-07,98400.72,119454.3,0,0,7.209650049974062e-05,0.0019484915546401638,98400.72,0.0,0.0,-0.015992770519763434,0.19454298335032275,3515.54,0.0
2023-12-08,98400.72,119649.34,0,0,-0.0019029619123762348,0.0010450745183570032,98400.72,0.0,0.0,-0.015992770519763434,0.1964933741080531,3521.28,0.0
2023-12-11,98400.72,119907.92,0,0,0.00026811617415205936,5.6675045127629886e-05,98400.72,0.0,0.0,-0.015992770519763434,0.19907917091403332,3528.89,0.0
2023-12-12,98400.72,119911.65,0,0,0.0009709955871185015,-0.001450835930858596,98400.72,0.0,0.0,-0.015992770519763434,0.199116547740401,3529.0,0.0
2023-12-13,98400.72,119813.46,0,0,-0.00019968831447455615,-0.0017129357847599502,98400.72,0.0,0.0,-0.015992770519763434,0.19813455657492363,3526.11,0.0
2023-12-14,98400.72,119687.05,0,0,-0.0002916228150780961,-0.0001277541669150173,98400.72,0.0,0.0,-0.015992770519763434,0.19687054026503567,3522.39,0.0
2023-12-15,98400.72,119774.38,0,0,-0.00047196573146199945,-0.0020397394580363715,98400.72,0.0,0.0,-0.015992770519763434,0.19774379884471638,3524.96,0.0
2023-12-18,98400.72,119914.71,0,0,0.0002354508302860965,0.002972437653899318,98400.72,0.0,0.0,-0.015992770519763434,0.19914712878015634,3529.09,0.0
2023-12-19,98400.72,119737.68,0,0,-0.000298995622755146,0.00916035733339382,98400.72,0.0,0.0,-0.015992770519763434,0.1973768263676521,3523.88,0.0
2023-12-20,98400.72,119608.22,0,0,0.0006834404945716869,0.030470984952003732,98400.72,0.0,0.0,-0.015992770519763434,0.19608222901800895,3520.07,0.0
2023-12-21,98400.72,119671.76,0,0,0.00021808457741060875,0.008614570378825404,98400.72,0.0,0.0,-0.015992770519763434,0.19671763506625894,3521.94,0.0
2023-12-22,98400.72,119530.07,0,0,0.0007688000249785327,-0.0007334191831757098,98400.72,0.0,0.0,-0.015992770519763434,0.1953007135575943,3517.77,0.0
2023-12-26,98400.72,120271.15,0,0,0.00026905093592151375,-0.05988846134287118,98400.72,0.0,0.0,-0.015992770519763434,0.20271151885830782,3539.58,0.0
2023-12-27,98400.72,120834.52,0,0,0.0021475011403189856,0.030600422928102278,98400.72,0.0,0.0,-0.015992770519763434,0.2083452259599048,3556.16,0.0
2023-12-28,98400.72,123252.8,0,0,0.004154719147832472,0.022471073765000682,98400.72,0.0,0.0,-0.015992770519763434,0.23252803261977575,3627.33,0.0
2023-12-29,98400.72,120702.68,0,0,-0.0015117605837062472,0.0620925152296552,98400.72,0.0,0.0,-0.015992770519763434,0.20702684335711863,3552.28,0.0
2024-01-02,98400.72,119442.41,0,0,0.003260077175855091,0.08394709816539092,98400.72,0.0,0.0,-0.015992770519763434,0.19442405708460764,3515.19,0.0
2024-01-03,98400.72,113068.3,1,1,0.015722558942515938,0.1520825820411107,4920.04,93405.9,0.0,-0.015992770519763434,0.13068297655453615,3327.6,0.0
2024-01-04,103278.5,124532.11,1,1,0.012131884963114048,0.05222129452275315,4920.04,98283.68,4877.78,0.032785000796461246,0.24532110091743117,3664.98,0.0
2024-01-05,106187.61,126022.43,0,0,0.0032224935808295727,0.031184952707585145,106187.61,0.0,3064.97,0.061876085026648216,0.260224260958206,3708.84,0.0
2024-01-08,106187.61,128197.42,1,1,0.00775206368271,0.0037610824708111945,5309.38,100797.53,0.0,0.061876085026648216,0.2819741760108732,3772.85,0.0
2024-01-09,104875.38,129469.25,0,0,0.005424256095763248,-0.011426981744123932,104875.38,0.0,-1151.81,0.04875377865308663,0.2946924906557935,3810.28,1.0
2024-01-10,104875.38,130264.02,0,0,0.003107253975605768,-0.013665756311836974,104875.38,0.0,0.0,0.04875377865308663,0.3026401630988787,3833.67,1.0
2024-01-11,104875.38,131035.34,0,0,0.004333950406006184,-0.019437968867095257,104875.38,0.0,0.0,0.04875377865308663,0.31035338090383957,3856.37,1.0
2024-01-12,104875.38,129952.43,0,0,0.004511581991401397,-0.008317427114655551,104875.38,0.0,0.0,0.04875377865308663,0.29952429493713906,3824.5,1.0
2024-01-15,104875.38,128679.58,0,0,0.004985922644470656,0.005017110989057327,104875.38,0.0,0.0,0.04875377865308663,0.28679578661230043,3787.04,1.0
2024-01-16,104875.38,127989.81,0,0,0.004796483562559493,0.012984702952685945,104875.38,0.0,0.0,0.04875377865308663,0.2798980632008155,3766.74,1.0
2024-01-17,104875.38,128483.86,0,0,0.004694174442108459,0.0118954428130158,104875.38,0.0,0.0,0.04875377865308663,0.284838600067958,3781.28,1.0
2024-01-18,104875.38,128488.28,0,0,0.003994410387314655,0.012238820968897945,104875.38,0.0,0.0,0.04875377865308663,0.28488277268093776,3781.41,1.0
2024-01-19,104875.38,128871.56,0,0,0.003683532082760625,0.012848400475651944,104875.38,0.0,0.0,0.04875377865308663,0.28871559633027527,3792.69,1.0
2024-01-22,104875.38,129325.18,0,0,0.0032118063636941605,0.005244295908608532,104875.38,0.0,0.0,0.04875377865308663,0.2932517838939857,3806.04,1.0
2024-01-23,104875.38,129651.72,0,0,0.0022909878407272747,0.011704427817016638,104875.38,0.0,0.0,0.04875377865308663,0.2965171593611961,3815.65,1.0
2024-01-24,104875.38,130012.23,0,0,0.003371900505506576,0.003614495617130009,104875.38,0.0,0.0,0.04875377865308663,0.3001223241590215,3826.26,1.0
2024-01-25,104875.38,130060.82,0,0,0.0027669631280902514,-0.0022520110040259445,104875.38,0.0,0.0,0.04875377865308663,0.3006082229018009,3827.69,1.0
2024-01-26,104875.38,130527.35,0,0,0.0023297622718508946,0.009402772932925796,104875.38,0.0,0.0,0.04875377865308663,0.3052735304111452,3841.42,1.0
2024-01-29,104875.38,130003.4,0,0,0.0020194777368282087,0.03381076842655517,104875.38,0.0,0.0,0.04875377865308663,0.3000339789330616,3826.0,1.0
2024-01-30,104875.38,131169.22,0,0,0.00022411204389004622,0.022451564770704868,104875.38,0.0,0.0,0.04875377865308663,0.3116921508664629,3860.31,1.0
2024-01-31,104875.38,130482.16,0,0,0.0037352745164044208,0.025067120822688915,104875.38,0.0,0.0,0.04875377865308663,0.30482161060142726,3840.09,1.0
2024-02-01,104875.38,129767.92,0,0,0.004168969581013666,0.029525512755723238,104875.38,0.0,0.0,0.04875377865308663,0.29767923887189957,3819.07,1.0
2024-02-02,104875.38,131754.67,1,1,0.01644939292173534,0.010803241230264549,5243.77,99551.9,0.0,0.04875377865308663,0.31754672103295944,3877.54,1.0
2024-02-05,103280.68,134398.91,1,1,0.0170071063662427,-0.016018769467254557,5243.77,97957.2,-1594.7,0.03280678870154472,0.34398912674142046,3955.36,1.0
2024-02-06,101033.34,134114.17,0,0,0.002583219599816746,-0.021345433724011764,101033.34,0.0,-2090.94,0.010333415499477706,0.3411416921508664,3946.98,2.0
2024-02-07,101033.34,133752.97,0,0,0.0016387444122234465,-0.015112985379856947,101033.34,0.0,0.0,0.010333415499477706,0.33752973156642896,3936.35,2.0
2024-02-08,101033.34,133599.39,0,0,0.0004749459053435791,-0.010445517736015986,101033.34,0.0,0.0,0.010333415499477706,0.33599388379204903,3931.83,2.0
2024-02-09,101033.34,133178.05,0,0,0.00026022787405494493,-0.007245951579693877,101033.34,0.0,0.0,0.010333415499477706,0.3317804960924227,3919.43,2.0
2024-02-12,101033.34,132246.01,1,1,0.009048781496460235,-0.0006500513874615477,5051.67,95904.89,0.0,0.010333415499477706,0.32246007475365274,3892.0,2.0
2024-02-13,101675.69,131251.44,0,0,0.0035226194234492672,0.008305007080484428,101675.69,0.0,796.49,0.01675685889738437,0.31251444104655124,3862.73,0.0
2024-02-14,101675.69,131731.57,0,0,0.002205736752621544,0.0006629076107984577,101675.69,0.0,0.0,0.01675685889738437,0.3173156642881414,3876.86,0.0
2024-02-15,101675.69,132203.87,0,0,0.0031466893610767235,-0.0033618110600500684,101675.69,0.0,0.0,0.01675685889738437,0.32203873598369015,3890.76,0.0
2024-02-16,101675.69,132213.05,0,0,0.0038770216379321086,0.0016705088369917132,101675.69,0.0,0.0,0.01675685889738437,0.3221304791029563,3891.03,0.0
2024-02-19,101675.69,132160.04,0,0,0.0027367043588039084,0.0011955356385318083,101675.69,0.0,0.0,0.01675685889738437,0.3216004077471967,3889.47,0.0
2024-02-20,101675.69,132341.49,0,0,0.002446970023640619,0.0005545841774052818,101675.69,0.0,0.0,0.01675685889738437,0.323414882772681,3894.81,0.0
2024-02-21,101675.69,131818.89,0,0,0.001517037436913345,0.004175871197573011,101675.69,0.0,0.0,0.01675685889738437,0.3181889228678218,3879.43,0.0
2024-02-22,101675.69,131759.43,0,0,0.0020802047761705245,0.0025840193105155507,101675.69,0.0,0.0,0.01675685889738437,0.31759429153924573,3877.68,0.0
2024-02-23,101675.69,132433.91,0,0,0.001653828607041288,-0.007633039386483187,101675.69,0.0,0.0,0.01675685889738437,0.3243391097519538,3897.53,0.0
2024-02-26,101675.69,132318.04,0,0,0.002777145713769619,-0.007814345731513073,101675.69,0.0,0.0,0.01675685889738437,0.32318042813455655,3894.12,0.0
2024-02-27,101675.69,132414.88,0,0,0.003184338592484519,-0.00906345186131785,101675.69,0.0,0.0,0.01675685889738437,0.32414882772680925,3896.97,0.0
2024-02-28,101675.69,132369.35,0,0,0.0023420286170193075,-0.011600177634939701,101675.69,0.0,0.0,0.01675685889738437,0.3236935100237853,3895.63,0.0
2024-02-29,101675.69,132099.9,0,0,0.0026963363848297194,-0.0008514031432466096,101675.69,0.0,0.0,0.01675685889738437,0.32099898063200816,3887.7,0.0
2024-03-01,101675.69,131423.04,0,0,0.0037164597981436285,0.003495545248178633,101675.69,0.0,0.0,0.01675685889738437,0.31423037716615715,3867.78,0.0
2024-03-04,101675.69,131284.06,0,0,0.002916170376252856,0.00569921499913284,101675.69,0.0,0.0,0.01675685889738437,0.31284063880394153,3863.69,0.0
2024-03-05,101675.69,131214.75,0,0,0.002500922638149245,0.008625846464594078,101675.69,0.0,0.0,0.01675685889738437,0.3121474685694871,3861.65,0.0
2024-03-06,101675.69,130833.84,0,0,0.0031495193440450294,0.017818742793031417,101675.69,0.0,0.0,0.01675685889738437,0.3083384301732926,3850.44,0.0
2024-03-07,101675.69,131987.43,0,0,0.0014428819991630472,0.002834421878338711,101675.69,0.0,0.0,0.01675685889738437,0.31987427794767254,3884.39,0.0
2024-03-08,101675.69,131882.43,0,0,0.0014296584935015962,0.003341663875505496,101675.69,0.0,0.0,0.01675685889738437,0.31882432891607226,3881.3,0.0
2024-03-11,101675.69,132032.28,0,0,0.0013581456904688072,-0.00038860336978319143,101675.69,0.0,0.0,0.01675685889738437,0.32032279986408424,3885.71,0.0
2024-03-12,101675.69,132346.59,0,0,2.5613700526136923e-06,0.0007291474110131535,101675.69,0.0,0.0,0.01675685889738437,0.3234658511722731,3894.96,0.0
2024-03-13,101675.69,133165.14,0,0,0.0007486160867883624,-0.005070106275755659,101675.69,0.0,0.0,0.01675685889738437,0.33165137614678913,3919.05,0.0
2024-03-14,101675.69,132361.54,0,0,-0.00026161018791202693,0.0015659495815576463,101675.69,0.0,0.0,0.01675685889738437,0.32361535847774386,3895.4,0.0
2024-03-15,101675.69,132323.14,0,0,0.00044430862831280535,0.002270001823191592,101675.69,0.0,0.0,0.01675685889738437,0.32323139653414895,3894.27,0.0
2024-03-18,101675.69,131980.97,0,0,-0.00027507954417224157,0.0067092322743422805,101675.69,0.0,0.0,0.01675685889738437,0.31980971797485547,3884.2,0.0
2024-03-19,101675.69,132443.09,0,0,-0.0017781901265686649,0.0027605315819179133,101675.69,0.0,0.0,0.01675685889738437,0.32443085287122,3897.8,0.0
2024-03-20,101675.69,132489.98,0,0,-0.002250117117915589,0.0009976456588309812,101675.69,0.0,0.0,0.01675685889738437,0.3248997621474686,3899.18,0.0
2024-03-21,101675.69,132568.81,0,0,-0.0027422256588436242,0.0006202742534922034,101675.69,0.0,0.0,0.01675685889738437,0.32568807339449557,3901.5,0.0
2024-03-22,101675.69,132623.51,0,0,-0.002096837277680302,0.002095764659463928,101675.69,0.0,0.0,0.01675685889738437,0.3262351342167857,3903.11,0.0
2024-03-25,101675.69,132866.46,0,0,-0.0025330963949930113,-0.002102162004572694,101675.69,0.0,0.0,0.01675685889738437,0.3286646279306832,3910.26,0.0
2024-03-26,101675.69,132808.7,0,0,-0.0013148632306784719,0.012853838753914548,101675.69,0.0,0.0,0.01675685889738437,0.32808698606863734,3908.56,0.0
2024-03-27,101675.69,132622.15,0,0,-0.0014286644088869708,0.0151342404824919,101675.69,0.0,0.0,0.01675685889738437,0.32622154264356096,3903.07,0.0
2024-03-28,101675.69,132651.04,0,0,-0.000529140662065905,0.016457816758540078,101675.69,0.0,0.0,0.01675685889738437,0.3265103635745839,3903.92,0.0
2024-03-29,101675.69,132901.46,0,0,-0.0001508065407927318,0.009976248245463726,101675.69,0.0,0.0,0.01675685889738437,0.32901461094121653,3911.29,0.0
2024-04-01,101675.69,132587.16,0,0,0.005050838636529356,0.0073884429682935515,101675.69,0.0,0.0,0.01675685889738437,0.32587155963302766,3902.04,0.0
2024-04-02,101675.69,134515.8,0,0,-0.0036741755035448378,-0.004407901384257951,101675.69,0.0,0.0,0.01675685889738437,0.34515800203873603,3958.8,0.0
2024-04-03,101675.69,134629.29,0,0,-0.0011023142964249977,-0.00378078513126745,101675.69,0.0,0.0,0.01675685889738437,0.34629289840299027,3962.14,0.0
2024-04-04,101675.69,134834.18,0,0,-0.0014278802435801728,-0.006549618589929418,101675.69,0.0,0.0,0.01675685889738437,0.3483418280665987,3968.17,0.0
2024-04-05,101675.69,134227.32,0,0,-0.00024469103220695044,-0.003245314924651521,101675.69,0.0,0.0,0.01675685889738437,0.34227319062181455,3950.31,0.0
2024-04-08,101675.69,133566.77,0,0,0.0010077407821883601,0.0007199424046075986,101675.69,0.0,0.0,0.01675685889738437,0.3356676860346584,3930.87,0.0
2024-04-09,101675.69,133922.87,0,0,0.0005586683567387004,-0.0010174178898092467,101675.69,0.0,0.0,0.01675685889738437,0.33922867821950375,3941.35,0.0
2024-04-10,101675.69,134120.29,0,0,-0.00033106890632300954,-0.0030680286585798022,101675.69,0.0,0.0,0.01675685889738437,0.3412028542303771,3947.16,0.0
2024-04-11,101675.69,133951.07,0,0,4.698705550304917e-05,-0.000324693443728985,101675.69,0.0,0.0,0.01675685889738437,0.3395107033639142,3942.18,0.0
2024-04-12,101675.69,133791.71,0,0,0.002392540830310378,0.0013485748535235764,101675.69,0.0,0.0,0.01675685889738437,0.33791709140333,3937.49,0.0
2024-04-15,101675.69,133662.93,0,0,0.0006518760114029439,0.0023768970689173052,101675.69,0.0,0.0,0.01675685889738437,0.3366292898402989,3933.7,0.0
2024-04-16,101675.69,133786.61,0,0,0.004758098092453647,0.0016305424474392094,101675.69,0.0,0.0,0.01675685889738437,0.33786612300373786,3937.34,0.0
2024-04-17,101675.69,133708.8,0,0,0.0011522199757133956,0.0024497782747359143,101675.69,0.0,0.0,0.01675685889738437,0.3370880054366295,3935.05,0.0
2024-04-18,101675.69,133907.58,0,0,0.0011103516575620195,-0.0007206475678145363,101675.69,0.0,0.0,0.01675685889738437,0.3390757730207272,3940.9,0.0
2024-04-19,101675.69,133972.14,0,0,0.0010324390869420727,-0.0019732170031450114,101675.69,0.0,0.0,0.01675685889738437,0.3397213727488957,3942.8,0.0
2024-04-22,101675.69,133980.63,0,0,0.0007487850456586774,-0.002936812873283512,101675.69,0.0,0.0,0.01675685889738437,0.33980632008154965,3943.05,0.0
2024-04-23,101675.69,134004.76,0,0,-0.0011175798252042147,-0.004840558248980664,101675.69,0.0,0.0,0.01675685889738437,0.34004757050628626,3943.76,0.0
2024-04-24,101675.69,134036.36,0,0,-0.0007487693764139673,-0.006408615125649941,101675.69,0.0,0.0,0.01675685889738437,0.34036357458375804,3944.69,0.0
2024-04-25,101675.69,133811.08,0,0,-0.00068499402497972,-0.00476122760953368,101675.69,0.0,0.0,0.01675685889738437,0.33811077132178063,3938.06,0.0
2024-04-26,101675.69,133707.78,0,0,-0.0009475142986160995,-0.004426915238042062,101675.69,0.0,0.0,0.01675685889738437,0.33707781175671087,3935.02,0.0
2024-04-29,101675.69,133587.16,0,0,0.0009878866609273186,-0.0030980778182205793,101675.69,0.0,0.0,0.01675685889738437,0.33587155963302734,3931.47,0.0
2024-04-30,101675.69,133356.1,0,0,0.0014338683135444335,-0.0039086088766698834,101675.69,0.0,0.0,0.01675685889738437,0.33356099218484536,3924.67,0.0
2024-05-01,101675.69,133177.37,0,0,0.004301846286010016,0.005289061363827674,101675.69,0.0,0.0,0.01675685889738437,0.3317737003058105,3919.41,0.0
2024-05-02,101675.69,133173.97,0,0,0.003882163015868029,0.008065195149146165,101675.69,0.0,0.0,0.01675685889738437,0.3317397213727489,3919.31,0.0
2024-05-03,101675.69,133115.87,0,0,0.0033615046313385426,0.011609148458239682,101675.69,0.0,0.0,0.01675685889738437,0.33115868161739725,3917.6,0.0
2024-05-06,101675.69,133173.29,0,0,0.004331946090693536,0.01563548499855849,101675.69,0.0,0.0,0.01675685889738437,0.3317329255861367,3919.29,0.0
2024-05-07,101675.69,132834.86,0,0,0.0037199652044039868,0.017179414375353197,101675.69,0.0,0.0,0.01675685889738437,0.3283486238532109,3909.33,0.0
2024-05-08,101675.69,133881.75,0,0,-0.00010934428165390489,0.013682254945255767,101675.69,0.0,0.0,0.01675685889738437,0.3388175331294598,3940.14,0.0
2024-05-09,101675.69,134248.05,0,0,-0.0009866580303929504,0.01775029613355872,101675.69,0.0,0.0,0.01675685889738437,0.34248046211348965,3950.92,0.0
2024-05-10,101675.69,134661.23,0,0,-0.0020367713370821666,0.014847038162237425,101675.69,0.0,0.0,0.01675685889738437,0.3466123003737684,3963.08,0.0
2024-05-13,101675.69,135255.52,0,0,-0.00017278217707324725,0.011224523121060592,101675.69,0.0,0.0,0.01675685889738437,0.352555215766225,3980.57,0.0
2024-05-14,101675.69,135116.89,0,0,-0.003156294655817552,0.0029146307421872297,101675.69,0.0,0.0,0.01675685889738437,0.35116887529731555,3976.49,0.0
2024-05-15,101675.69,135713.56,0,0,0.0012126013556326305,0.003953380653722416,101675.69,0.0,0.0,0.01675685889738437,0.35713557594291545,3994.05,0.0
2024-05-16,101675.69,136630.99,1,1,0.008766805728336324,-0.010009823304858223,5083.78,96514.63,0.0,0.01675685889738437,0.36630988786952107,4021.05,0.0
2024-05-17,99714.94,136660.55,0,0,-0.0005622364248445128,-0.018729860365198747,99714.94,0.0,-1807.71,-0.0028505867661596856,0.3666055045871562,4021.92,1.0
2024-05-20,99714.94,136773.7,0,0,-0.0016002847443208816,-0.015507111359542858,99714.94,0.0,0.0,-0.0028505867661596856,0.36773700305810403,4025.25,1.0
2024-05-21,99714.94,135510.7,0,0,-0.0013085824153737963,-0.008407554512447013,99714.94,0.0,0.0,-0.0028505867661596856,0.35510703363914364,3988.08,1.0
2024-05-22,99714.94,136250.08,0,0,0.00021525821991718675,-0.01330477026514787,99714.94,0.0,0.0,-0.0028505867661596856,0.3625008494733265,4009.84,1.0
2024-05-23,99714.94,135263.34,0,0,0.001530788389340646,-0.006232415594855434,99714.94,0.0,0.0,-0.0028505867661596856,0.35263336731226647,3980.8,1.0
2024-05-24,99714.94,134100.92,0,0,-0.004087644737535316,0.002561705168259154,99714.94,0.0,0.0,-0.0028505867661596856,0.3410091743119268,3946.59,1.0
2024-05-27,99714.94,134652.74,0,0,-0.004723990377608636,0.00036085322862700053,99714.94,0.0,0.0,-0.0028505867661596856,0.3465273530411144,3962.83,1.0
2024-05-28,99714.94,134371.39,0,0,-0.003421347308263598,0.005262292801962332,99714.94,0.0,0.0,-0.0028505867661596856,0.34371389738362224,3954.55,1.0
2024-05-29,99714.94,134437.31,0,0,-0.004278525905851223,0.0010261620780036562,99714.94,0.0,0.0,-0.0028505867661596856,0.34437308868501537,3956.49,1.0
2024-05-30,99714.94,134420.32,0,0,-0.0025797954021432056,-0.002717398173402885,99714.94,0.0,0.0,-0.0028505867661596856,0.3442031940197077,3955.99,1.0
2024-05-31,99714.94,134444.44,0,0,-0.0022842450894874225,0.0029620643465515517,99714.94,0.0,0.0,-0.0028505867661596856,0.3444444444444444,3956.7,1.0
2024-06-03,99714.94,134701.33,0,0,-0.0016810322332319503,0.004031017138129034,99714.94,0.0,0.0,-0.0028505867661596856,0.3470132517838941,3964.26,1.0
2024-06-04,99714.94,135078.49,0,0,0.001754423402242889,0.0013986154713032661,99714.94,0.0,0.0,-0.0028505867661596856,0.3507849133537209,3975.36,1.0
2024-06-05,99714.94,134575.26,0,0,0.0017785216647975054,0.005443688376614242,99714.94,0.0,0.0,-0.0028505867661596856,0.3457526333673124,3960.55,1.0
2024-06-06,99714.94,134055.05,0,0,0.0027847375588471203,0.006785392016708913,99714.94,0.0,0.0,-0.0028505867661596856,0.3405504587155962,3945.24,1.0
2024-06-07,99714.94,134842.68,0,0,0.0014461284400692285,-0.003056632110512547,99714.94,0.0,0.0,-0.0028505867661596856,0.34842677539925265,3968.42,1.0
2024-06-10,99714.94,135244.31,0,0,0.0004931310294233513,-0.004570076176310889,99714.94,0.0,0.0,-0.0028505867661596856,0.3524430852871219,3980.24,1.0
2024-06-11,99714.94,135267.41,0,0,-0.000486890416102061,-0.0018161630979773857,99714.94,0.0,0.0,-0.0028505867661596856,0.3526741420319403,3980.92,1.0
2024-06-12,99714.94,135307.85,0,0,-0.0006608425021294585,-0.0014163345563031893,99714.94,0.0,0.0,-0.0028505867661596856,0.3530784913353721,3982.11,1.0
2024-06-13,99714.94,134964.66,0,0,0.0005732900206398118,0.0064501348183916285,99714.94,0.0,0.0,-0.0028505867661596856,0.34964661909616057,3972.01,1.0
2024-06-14,99714.94,134430.51,0,0,0.002949133134802584,0.010408741522992537,99714.94,0.0,0.0,-0.0028505867661596856,0.3443051308188922,3956.29,1.0
2024-06-17,99714.94,134626.23,0,0,0.0015637576072805033,0.010587953206042222,99714.94,0.0,0.0,-0.0028505867661596856,0.34626231736323476,3962.05,1.0
2024-06-18,99714.94,135021.75,0,0,0.0015895211493436937,0.008098266346896699,99714.94,0.0,0.0,-0.0028505867661596856,0.35021746517159363,3973.69,1.0
2024-06-19,99714.94,135116.21,0,0,0.002703369288012309,0.0020747044489208832,99714.94,0.0,0.0,-0.0028505867661596856,0.35116207951070333,3976.47,1.0
2024-06-20,99714.94,135835.2,0,0,-0.0024170965643866083,-0.007214274457616132,99714.94,0.0,0.0,-0.0028505867661596856,0.35835202174651726,3997.63,1.0
2024-06-21,99714.94,135829.77,0,0,-0.001049298255025345,-0.010056360648109886,99714.94,0.0,0.0,-0.0028505867661596856,0.3582976554536188,3997.47,1.0
2024-06-24,99714.94,136051.65,0,0,-0.00041956086983086405,-0.008518981018981076,99714.94,0.0,0.0,-0.0028505867661596856,0.36051647978253487,4004.0,1.0
2024-06-25,99714.94,136115.19,0,0,0.0017200272728700983,-0.01814087826115174,99714.94,0.0,0.0,-0.0028505867661596856,0.36115188583078506,4005.87,1.0
2024-06-26,99714.94,135396.53,1,1,0.006807508520951527,-0.008329317994739793,4985.75,94653.41,0.0,-0.0028505867661596856,0.3539653414882772,3984.72,1.0
2024-06-27,98960.58,134855.25,1,1,0.006359203799569306,-0.007969683455158916,4985.75,93899.05,-754.36,-0.010394163994544797,0.3485524974515801,3968.79,1.0
2024-06-28,98416.58,134463.81,0,0,0.003923810391627402,-0.004189757080007128,98416.58,0.0,-393.41,-0.015834184888876918,0.34463812436289504,3957.27,2.0
2024-07-01,98416.58,134892.63,0,0,0.0032907894764842003,-0.007430936373551966,98416.58,0.0,0.0,-0.015834184888876918,0.3489262657152564,3969.89,2.0
2024-07-02,98416.58,133645.94,0,0,0.0018550580922056048,0.002776365300518613,98416.58,0.0,0.0,-0.015834184888876918,0.3364593951749915,3933.2,2.0
2024-07-03,98416.58,134268.77,0,0,0.0012484451715916948,-0.0004023757886185697,98416.58,0.0,0.0,-0.015834184888876918,0.34268773360516497,3951.53,2.0
2024-07-05,98416.58,133780.5,0,0,0.002968248271887727,0.011203507096485765,98416.58,0.0,0.0,-0.015834184888876918,0.3378049609242269,3937.16,2.0
2024-07-08,98416.58,133900.44,0,0,0.002009908689673221,0.024551537928636957,98416.58,0.0,0.0,-0.015834184888876918,0.33900441726129793,3940.69,2.0
2024-07-09,98416.58,133890.25,0,0,0.0016112850436965397,0.02441636487758836,98416.58,0.0,0.0,-0.015834184888876918,0.33890248046211346,3940.39,2.0
2024-07-10,98416.58,134016.99,0,0,0.001930274657059612,0.02613003661146207,98416.58,0.0,0.0,-0.015834184888876918,0.34016989466530767,3944.12,2.0
2024-07-11,98416.58,134214.75,0,0,0.004203798182731011,0.019653463090578693,98416.58,0.0,0.0,-0.015834184888876918,0.3421474685694871,3949.94,2.0
2024-07-12,98416.58,135279.31,1,1,0.009291989052529167,0.012131807187153898,4920.83,93420.96,0.0,-0.015834184888876918,0.35279306829765555,3981.27,2.0
2024-07-15,98128.1,137187.9,0,0,-0.0004899982422863859,-0.0014885670127605666,98128.1,0.0,-139.06,-0.01871903957974966,0.37187903499830105,4037.44,3.0
2024-07-16,98128.1,137159.36,0,0,0.0009038193233976956,0.0028390229400980793,98128.1,0.0,0.0,-0.01871903957974966,0.37159361196058455,4036.6,3.0
2024-07-17,98128.1,137518.86,0,0,0.00029677642992832266,-0.0007338443064058842,98128.1,0.0,0.0,-0.01871903957974966,0.37518858307849123,4047.18,3.0
2024-07-18,98128.1,136852.53,0,0,-0.00023244357011648856,0.003294790655407498,98128.1,0.0,0.0,-0.01871903957974966,0.368525314305131,4027.57,3.0
2024-07-19,98128.1,136920.49,0,0,-0.001977618035872625,0.004841707676005003,98128.1,0.0,0.0,-0.01871903957974966,0.36920489296636105,4029.57,3.0
2024-07-22,98128.1,136983.69,0,0,0.0018428096728601061,0.0065435837903671246,98128.1,0.0,0.0,-0.01871903957974966,0.36983690112130485,4031.43,3.0
2024-07-23,98128.1,137548.76,0,0,0.0009282700132477823,0.0034460951665737927,98128.1,0.0,0.0,-0.01871903957974966,0.37548759768943246,4048.06,3.0
2024-07-24,98128.1,137417.94,0,0,-9.888045404063297e-05,0.006475924840698255,98128.1,0.0,0.0,-0.01871903957974966,0.37417940876656475,4044.21,3.0
2024-07-25,98128.1,137303.43,0,0,0.0007724387868554648,0.009772720523455458,98128.1,0.0,0.0,-0.01871903957974966,0.3730343187223922,4040.84,3.0
2024-07-26,98128.1,137583.42,0,0,0.00029979746346360406,0.009202090351388525,98128.1,0.0,0.0,-0.01871903957974966,0.37583418280666,4049.08,3.0
2024-07-29,98128.1,137880.05,0,0,0.0035025024389752873,0.006473935447938617,98128.1,0.0,0.0,-0.01871903957974966,0.378800543662929,4057.81,3.0
2024-07-30,98128.1,138022.77,0,0,0.004307151225322381,0.005635141223187423,98128.1,0.0,0.0,-0.01871903957974966,0.3802276588515122,4062.01,3.0
2024-07-31,98128.1,138307.85,0,0,0.00019431608093125447,0.004505699685534603,98128.1,0.0,0.0,-0.01871903957974966,0.3830784913353721,4070.4,3.0
2024-08-01,98128.1,138645.26,0,0,0.0004418953781198762,0.004727558800391218,98128.1,0.0,0.0,-0.01871903957974966,0.38645259938837934,4080.33,3.0
2024-08-02,98128.1,138849.47,0,0,0.0008541447552930306,0.003935061693349118,98128.1,0.0,0.0,-0.01871903957974966,0.38849473326537554,4086.34,3.0
2024-08-05,98128.1,138772.68,0,0,0.0015742416839443902,0.006833852422087672,98128.1,0.0,0.0,-0.01871903957974966,0.38772680937818543,4084.08,3.0
2024-08-06,98128.1,138800.54,0,0,-0.001289474972860173,0.007273127861147088,98128.1,0.0,0.0,-0.01871903957974966,0.38800543662929005,4084.9,3.0
2024-08-07,98128.1,138931.02,0,0,0.0005482320736767249,0.005559169817596743,98128.1,0.0,0.0,-0.01871903957974966,0.38931022765885137,4088.74,3.0
2024-08-08,98128.1,139300.71,0,0,-0.0006225244504682715,0.007712909977022342,98128.1,0.0,0.0,-0.01871903957974966,0.3930071355759428,4099.62,3.0
2024-08-09,98128.1,139395.85,0,0,0.0034554526018866667,0.012855826560908001,98128.1,0.0,0.0,-0.01871903957974966,0.393958545701665,4102.42,3.0
2024-08-12,98128.1,139721.03,0,0,0.005083972891547712,0.018927575212974723,98128.1,0.0,0.0,-0.01871903957974966,0.39721032959565056,4111.99,3.0
2024-08-13,98128.1,139810.06,0,0,0.0030766944916394666,0.003210510838208336,98128.1,0.0,0.0,-0.01871903957974966,0.398100577641862,4114.61,3.0
2024-08-14,98128.1,139703.36,0,0,0.0018534000688625299,0.02368739161419131,98128.1,0.0,0.0,-0.01871903957974966,0.39703363914373097,4111.47,3.0
2024-08-15,98128.1,140375.13,0,0,0.0007712700088321253,0.02592199920604954,98128.1,0.0,0.0,-0.01871903957974966,0.40375127420998963,4131.24,3.0
2024-08-16,98128.1,141187.9,0,0,-0.002840869032347937,0.023820984029496062,98128.1,0.0,0.0,-0.01871903957974966,0.4118790349983011,4155.16,3.0
2024-08-19,98128.1,142365.61,0,0,-0.00017156676596708094,0.013530414194404594,98128.1,0.0,0.0,-0.01871903957974966,0.4236561331974177,4189.82,3.0
2024-08-20,98128.1,140258.92,0,0,0.003288133994722163,0.03037923165254308,98128.1,0.0,0.0,-0.01871903957974966,0.40258919469928633,4127.82,3.0
2024-08-21,98128.1,143012.57,0,0,-0.004655158478743513,0.004680602348379637,98128.1,0.0,0.0,-0.01871903957974966,0.43012572205232746,4208.86,3.0
2024-08-22,98128.1,144013.93,0,0,-0.004665688829786351,0.003241842895668867,98128.1,0.0,0.0,-0.01871903957974966,0.44013931362555214,4238.33,3.0
2024-08-23,98128.1,144551.14,0,0,-0.004418738893051322,0.008288396714729585,98128.1,0.0,0.0,-0.01871903957974966,0.44551138294257575,4254.14,3.0
2024-08-26,98128.1,144291.88,0,0,-0.0035332156855631125,0.011298689983068266,98128.1,0.0,0.0,-0.01871903957974966,0.44291879034998305,4246.51,3.0
2024-08-27,98128.1,144519.88,0,0,-0.00277602134767957,0.008426556820479547,98128.1,0.0,0.0,-0.01871903957974966,0.4451987767584098,4253.22,3.0
2024-08-28,98128.1,143681.96,0,0,-0.003043202245099966,0.01604565147473358,98128.1,0.0,0.0,-0.01871903957974966,0.43681957186544373,4228.56,3.0
2024-08-29,98128.1,144480.8,0,0,-0.002568724855241,0.010150350299971578,98128.1,0.0,0.0,-0.01871903957974966,0.4448080190282024,4252.07,3.0
2024-08-30,98128.1,145749.24,0,0,-0.0037097059960115625,0.00698932251596962,98128.1,0.0,0.0,-0.01871903957974966,0.457492354740061,4289.4,3.0
2024-09-02,98128.1,145922.19,0,0,-0.0016843580447463702,-0.005502399586446827,98128.1,0.0,0.0,-0.01871903957974966,0.4592218824328916,4294.49,3.0
2024-09-03,98128.1,145737.68,0,0,-0.00233870313076677,0.006462954586785807,98128.1,0.0,0.0,-0.01871903957974966,0.4573768263676521,4289.06,3.0
2024-09-04,98128.1,145987.43,0,0,-0.0027262592925670626,-0.01569682595469235,98128.1,0.0,0.0,-0.01871903957974966,0.45987427794767255,4296.41,3.0
2024-09-05,98128.1,145947.33,0,0,-0.0013701803528971977,-0.020930194657794776,98128.1,0.0,0.0,-0.01871903957974966,0.4594733265375465,4295.23,3.0
2024-09-06,98128.1,146767.92,0,0,-0.0016658601321707517,-0.02775861350471609,98128.1,0.0,0.0,-0.01871903957974966,0.46767923887189944,4319.38,3.0
2024-09-09,98128.1,145119.27,0,0,-0.005282322981119809,-0.016055314386329567,98128.1,0.0,0.0,-0.01871903957974966,0.45119266055045854,4270.86,3.0
2024-09-10,98128.1,146679.58,-1,-1,-0.01062592819627041,-0.02578310685279306,14228.57,83832.4,0.0,-0.01871903957974966,0.4667957866123004,4316.78,3.0
2024-09-11,98460.34,143695.89,-1,-1,-0.0075696404532501005,-0.003963139960794337,14228.57,84164.64,332.24,-0.01539664413624807,0.4369588854909956,4228.97,3.0
2024-09-12,98144.5,142892.63,0,0,-0.00539954288142281,0.002156786744440975,98144.5,0.0,-181.53,-0.018554957091122634,0.42892626571525644,4205.33,4.0
2024-09-13,98144.5,142693.85,0,0,-0.0038405032833535645,0.001516854467696227,98144.5,0.0,0.0,-0.018554957091122634,0.4269384981311587,4199.48,4.0
2024-09-16,98144.5,142789.33,0,0,-0.003677114931820712,0.007760054636876568,98144.5,0.0,0.0,-0.018554957091122634,0.427893306150187,4202.29,4.0
2024-09-17,98144.5,142897.72,0,0,-0.003506086417019896,0.010733614236662747,98144.5,0.0,0.0,-0.018554957091122634,0.42897723411484884,4205.48,4.0
2024-09-18,98144.5,143126.4,0,0,-0.0024119917809014646,0.010160936895359018,98144.5,0.0,0.0,-0.018554957091122634,0.4312640163098878,4212.21,4.0
2024-09-19,98144.5,143200.82,0,0,-0.0016830078005443875,0.011142748671222558,98144.5,0.0,0.0,-0.018554957091122634,0.43200815494393463,4214.4,4.0
2024-09-20,98144.5,142910.3,0,0,-0.0005738426154199122,0.012049882901197018,98144.5,0.0,0.0,-0.018554957091122634,0.4291029561671766,4205.85,4.0
2024-09-23,98144.5,143897.38,0,0,-0.003962916109089224,0.007730997190016353,98144.5,0.0,0.0,-0.018554957091122634,0.43897383622154246,4234.9,4.0
2024-09-24,98144.5,144431.53,0,0,-0.0024727923267294934,0.00450522512010032,98144.5,0.0,0.0,-0.018554957091122634,0.4443153244988108,4250.62,4.0
2024-09-25,98144.5,144580.7,0,0,-0.002549156941536008,0.00044183209910197974,98144.5,0.0,0.0,-0.018554957091122634,0.44580699966021087,4255.01,4.0
2024-09-26,98144.5,144796.47,0,0,-0.003476805762049765,0.0006617605647025737,98144.5,0.0,0.0,-0.018554957091122634,0.447964661909616,4261.36,4.0
2024-09-27,98144.5,144632.35,0,0,-0.001965226766885606,0.006296208413895776,98144.5,0.0,0.0,-0.018554957091122634,0.4463234794427455,4256.53,4.0
2024-09-30,98144.5,145009.85,0,0,-0.0025699409925851163,0.0023385290230664157,98144.5,0.0,0.0,-0.018554957091122634,0.45009853890587836,4267.64,4.0
2024-10-01,98144.5,145082.23,0,0,-0.00011695183322302401,0.010187902392869042,98144.5,0.0,0.0,-0.018554957091122634,0.4508222901800886,4269.77,4.0
2024-10-02,98144.5,144644.58,0,0,-0.0005221786370424861,0.016732873059909892,98144.5,0.0,0.0,-0.018554957091122634,0.4464458036017671,4256.89,4.0
2024-10-03,98144.5,144892.29,0,0,-0.00013942930309258434,0.021901045453053047,98144.5,0.0,0.0,-0.018554957091122634,0.4489228678219506,4264.18,4.0
2024-10-04,98144.5,145542.98,0,0,-0.0030540697225578924,0.00612607480628391,98144.5,0.0,0.0,-0.018554957091122634,0.45542983350322813,4283.33,4.0
2024-10-07,98144.5,145348.96,0,0,-0.0018230508236848622,0.0020876094650763566,98144.5,0.0,0.0,-0.018554957091122634,0.4534896364254164,4277.62,4.0
2024-10-08,98144.5,146560.31,0,0,-0.002366036586753418,-0.006396539052737293,98144.5,0.0,0.0,-0.018554957091122634,0.4656031260618419,4313.27,4.0
2024-10-09,98144.5,147064.9,0,0,-0.0009423296618070731,-0.01045719619603902,98144.5,0.0,0.0,-0.018554957091122634,0.47064899762147455,4328.12,4.0
2024-10-10,98144.5,148065.58,0,0,-3.9795472389460036e-05,-0.02448612414717377,98144.5,0.0,0.0,-0.018554957091122634,0.48065579340808706,4357.57,4.0
2024-10-11,98144.5,146434.59,0,0,0.001804831893370733,-0.013240300076341582,98144.5,0.0,0.0,-0.018554957091122634,0.46434590553856603,4309.57,4.0
2024-10-14,98144.5,145652.4,0,0,0.0029591548724071564,-0.007794146808039026,98144.5,0.0,0.0,-0.018554957091122634,0.4565239551478086,4286.55,4.0
2024-10-15,98144.5,145622.83,0,0,0.0014455055057807518,-0.004120699632263691,98144.5,0.0,0.0,-0.018554957091122634,0.45622833843017346,4285.68,4.0
2024-10-16,98144.5,145527.01,0,0,0.001992369203963631,-0.005087721756022789,98144.5,0.0,0.0,-0.018554957091122634,0.45527013251783877,4282.86,4.0
2024-10-17,98144.5,144440.03,0,0,0.0046981969079764475,-0.003968599369070347,98144.5,0.0,0.0,-0.018554957091122634,0.44440027183146447,4250.87,4.0
2024-10-18,98144.5,144495.75,0,0,0.000988755141958464,0.0005737787800614846,98144.5,0.0,0.0,-0.018554957091122634,0.44495752633367314,4252.51,4.0
2024-10-21,98144.5,144517.16,0,0,0.0006304484258602039,-0.003063618879228236,98144.5,0.0,0.0,-0.018554957091122634,0.4451715936119607,4253.14,4.0
2024-10-22,98144.5,145022.77,0,0,0.001193168062441271,-0.0016799358953332177,98144.5,0.0,0.0,-0.018554957091122634,0.4502276588515122,4268.02,4.0
2024-10-23,98144.5,144786.61,0,0,0.000858226756204504,-0.007547400066180487,98144.5,0.0,0.0,-0.018554957091122634,0.44786612300373757,4261.07,4.0
2024-10-24,98144.5,143866.8,0,0,0.001603235938140636,0.004130845536135963,98144.5,0.0,0.0,-0.018554957091122634,0.4386680258239893,4234.0,4.0
2024-10-25,98144.5,144578.66,0,0,0.0016976887869178034,-0.014108273892760148,98144.5,0.0,0.0,-0.018554957091122634,0.4457866123003737,4254.95,4.0
2024-10-28,98144.5,144074.41,0,0,0.0013180646912903718,-0.0034433068953398926,98144.5,0.0,0.0,-0.018554957091122634,0.4407441386340468,4240.11,4.0
2024-10-29,98144.5,144779.14,0,0,0.0009383667072304237,0.00022061325791788988,98144.5,0.0,0.0,-0.018554957091122634,0.4477913693510025,4260.85,4.0
2024-10-30,98144.5,143693.85,0,0,0.003373187677048212,0.01477212804245065,98144.5,0.0,0.0,-0.018554957091122634,0.4369384981311587,4228.91,4.0
2024-10-31,98144.5,144461.09,0,0,0.0031478978399449757,0.00807481612328842,98144.5,0.0,0.0,-0.018554957091122634,0.4446109412164456,4251.49,4.0
2024-11-01,98144.5,142538.91,0,0,0.003645254796266174,0.023886033583477184,98144.5,0.0,0.0,-0.018554957091122634,0.4253890587835544,4194.92,4.0
2024-11-04,98144.5,143578.32,0,0,0.0009323611570181392,0.01643588584573208,98144.5,0.0,0.0,-0.018554957091122634,0.43578321440706785,4225.51,4.0
2024-11-05,98144.5,144811.08,0,0,0.001241034546792529,0.007135499402832979,98144.5,0.0,0.0,-0.018554957091122634,0.4481107713217806,4261.79,4.0
2024-11-06,98144.5,145816.51,0,0,5.595835084926435e-05,-0.0018875047187618677,98144.5,0.0,0.0,-0.018554957091122634,0.45816513761467914,4291.38,4.0
2024-11-07,98144.5,145627.59,0,0,0.0009768838331763174,-0.0013043011605714527,98144.5,0.0,0.0,-0.018554957091122634,0.4562759089364595,4285.82,4.0
2024-11-08,98144.5,145943.59,0,0,-0.0012152060916192325,-0.005985863025945726,98144.5,0.0,0.0,-0.018554957091122634,0.4594359497111791,4295.12,4.0
2024-11-11,98144.5,145938.16,0,0,-0.0013089340624401178,-0.0010849926425391399,98144.5,0.0,0.0,-0.018554957091122634,0.45938158341828067,4294.96,4.0
2024-11-12,98144.5,145844.38,0,0,-0.0006969248306831257,-0.015185685662364112,98144.5,0.0,0.0,-0.018554957091122634,0.45844376486578314,4292.2,4.0
2024-11-13,98144.5,145541.28,0,0,-0.0007183794293445493,-0.012646850077510763,98144.5,0.0,0.0,-0.018554957091122634,0.4554128440366971,4283.28,4.0
2024-11-14,98144.5,145437.65,0,0,-0.0005933324517267387,-0.01245727449225853,98144.5,0.0,0.0,-0.018554957091122634,0.4543764865783212,4280.23,4.0
2024-11-15,98144.5,145070.0,0,0,3.5278293798766914e-05,-0.009717970398720133,98144.5,0.0,0.0,-0.018554957091122634,0.45069996602106693,4269.41,4.0
2024-11-18,98144.5,145779.82,0,0,-0.0011780514692898833,-0.015071207141691634,98144.5,0.0,0.0,-0.018554957091122634,0.45779816513761473,4290.3,4.0
2024-11-19,98144.5,143629.63,0,0,-0.0029929662528164597,0.002313686710732288,98144.5,0.0,0.0,-0.018554957091122634,0.43629629629629635,4227.02,4.0
2024-11-20,98144.5,143700.65,0,0,-0.00015791551763928903,-0.003274920728001729,98144.5,0.0,0.0,-0.018554957091122634,0.4370064559972816,4229.11,4.0
2024-11-21,98144.5,143625.89,0,0,-0.0004570130902527747,-0.008455349179424143,98144.5,0.0,0.0,-0.018554957091122634,0.4362589194699287,4226.91,4.0
2024-11-22,98144.5,143660.21,0,0,-0.0001674784956024944,0.007660977501939614,98144.5,0.0,0.0,-0.018554957091122634,0.4366021066938498,4227.92,4.0
2024-11-25,98144.5,143582.74,0,0,-0.00023798439441895068,0.009520451339915192,98144.5,0.0,0.0,-0.018554957091122634,0.43582738702004775,4225.64,4.0
2024-11-26,98144.5,143961.94,0,0,-0.00011742556198859162,0.007656722054380616,98144.5,0.0,0.0,-0.018554957091122634,0.4396194359497112,4236.8,4.0
2024-11-27,98144.5,143230.04,0,0,0.0007133768127666526,0.014345497074913283,98144.5,0.0,0.0,-0.018554957091122634,0.4323003737682637,4215.26,4.0
2024-11-28,98144.5,142411.48,0,0,0.0017778323716449755,0.023640176847992356,98144.5,0.0,0.0,-0.018554957091122634,0.42411484879374794,4191.17,4.0
2024-11-29,98144.5,144760.79,0,0,-0.004344742185190094,0.016289894397355953,98144.5,0.0,0.0,-0.018554957091122634,0.44760788311247046,4260.31,4.0
2024-12-02,98144.5,144949.71,0,0,0.0008710838658414582,0.006924730477018803,98144.5,0.0,0.0,-0.018554957091122634,0.4494971117906898,4265.87,4.0
2024-12-03,98144.5,145064.22,0,0,-0.0002660111120011362,0.02362012910963074,98144.5,0.0,0.0,-0.018554957091122634,0.45064220183486237,4269.24,4.0
2024-12-04,98144.5,145284.74,0,0,2.5533426058003955e-05,0.06128778009836933,98144.5,0.0,0.0,-0.018554957091122634,0.45284743459055377,4275.73,4.0
2024-12-05,98144.5,145778.12,0,0,0.0003604896554105977,0.05651885088281561,98144.5,0.0,0.0,-0.018554957091122634,0.4577811756710839,4290.25,4.0
2024-12-06,98144.5,147118.93,0,0,0.000615821673564628,0.05110503936753252,98144.5,0.0,0.0,-0.018554957091122634,0.4711892626571527,4329.71,4.0
2024-12-09,98144.5,145953.45,0,0,-0.00029194139790934256,0.05579444104288056,98144.5,0.0,0.0,-0.018554957091122634,0.4595344886170575,4295.41,4.0
2024-12-10,98144.5,148490.66,0,0,-0.005425932525169723,0.03371334163218975,98144.5,0.0,0.0,-0.018554957091122634,0.4849065579340808,4370.08,4.0
2024-12-11,98144.5,154188.92,1,1,0.011490689301788792,-0.0046476470873423326,23554.68,74530.15,0.0,-0.018554957091122634,0.5418892286782193,4537.78,4.0
2024-12-12,97919.9,154017.33,0,0,-0.001141742793543054,-0.0014141587961338242,97919.9,0.0,-105.4,-0.02080104840050728,0.5401732925586135,4532.73,5.0
2024-12-13,97919.9,154637.44,0,0,-0.001369782156659841,-0.004733046508664018,97919.9,0.0,0.0,-0.02080104840050728,0.5463744478423376,4550.98,5.0
2024-12-16,97919.9,154096.84,0,0,-0.0013541588692306322,-0.0011003137768546,97919.9,0.0,0.0,-0.02080104840050728,0.5409683995922527,4535.07,5.0
2024-12-17,97919.9,153496.77,0,0,-0.0019390776561505592,0.0012772805656340314,97919.9,0.0,0.0,-0.02080104840050728,0.5349677200135915,4517.41,5.0
2024-12-18,97919.9,153472.31,0,0,0.0010328574824432118,0.0022228667453378925,97919.9,0.0,0.0,-0.02080104840050728,0.5347230716955487,4516.69,5.0
2024-12-19,97919.9,153799.52,0,0,0.0008733876627419413,0.00492011170222173,97919.9,0.0,0.0,-0.02080104840050728,0.5379952429493715,4526.32,5.0
2024-12-20,97919.9,153905.54,0,0,0.0012676961146982494,0.008215143593910179,97919.9,0.0,0.0,-0.02080104840050728,0.5390553856608901,4529.44,5.0
2024-12-23,97919.9,153927.29,0,0,0.0015401607875121584,0.007489933952601335,97919.9,0.0,0.0,-0.02080104840050728,0.539272850832484,4530.08,5.0
